Financial_ID,Date_Key,Department_Key,Product_Key,Scenario,Line_Item,Amount,Units_Sold
1,202201,1,101.0,Actual,Revenue,3554834.44,711.0
2,202201,3,101.0,Actual,COGS,2190580.4,
3,202201,1,101.0,Budget,Revenue,3732576.16,761.0
4,202201,3,101.0,Budget,COGS,2124862.98,
5,202201,1,101.0,Forecast,Revenue,3691907.14,
6,202201,1,102.0,Actual,Revenue,3271965.35,1091.0
7,202201,3,102.0,Actual,COGS,1815846.86,
8,202201,1,102.0,Budget,Revenue,3435563.62,1167.0
9,202201,3,102.0,Budget,COGS,1761371.46,
10,202201,1,102.0,Forecast,Revenue,3247358.74,
11,202201,1,103.0,Actual,Revenue,1720455.05,1720.0
12,202201,3,103.0,Actual,COGS,703301.77,
13,202201,1,103.0,Budget,Revenue,1806477.8,1841.0
14,202201,3,103.0,Budget,COGS,682202.72,
15,202201,1,103.0,Forecast,Revenue,1768781.26,
16,202201,1,104.0,Actual,Revenue,3307415.52,367.0
17,202201,3,104.0,Actual,COGS,1963058.74,
18,202201,1,104.0,Budget,Revenue,3472786.29,393.0
19,202201,3,104.0,Budget,COGS,1904166.98,
20,202201,1,104.0,Forecast,Revenue,3497898.8,
21,202201,1,,Actual,Operating_Expense,266622.13,
22,202201,1,,Budget,Operating_Expense,253291.03,
23,202201,1,,Forecast,Operating_Expense,258952.46,
24,202201,2,,Actual,Operating_Expense,234091.25,
25,202201,2,,Budget,Operating_Expense,222386.69,
26,202201,2,,Forecast,Operating_Expense,226680.03,
27,202201,3,,Actual,Operating_Expense,240212.11,
28,202201,3,,Budget,Operating_Expense,228201.51,
29,202201,3,,Forecast,Operating_Expense,240806.79,
30,202201,4,,Actual,Operating_Expense,246597.25,
31,202201,4,,Budget,Operating_Expense,234267.39,
32,202201,4,,Forecast,Operating_Expense,241449.02,
33,202201,5,,Actual,Operating_Expense,255592.64,
34,202201,5,,Budget,Operating_Expense,242813.01,
35,202201,5,,Forecast,Operating_Expense,246378.37,
36,202201,6,,Actual,Operating_Expense,239607.23,
37,202201,6,,Budget,Operating_Expense,227626.87,
38,202201,6,,Forecast,Operating_Expense,236405.17,
39,202201,7,,Actual,Operating_Expense,247803.5,
40,202201,7,,Budget,Operating_Expense,235413.32,
41,202201,7,,Forecast,Operating_Expense,254870.26,
42,202201,8,,Actual,Operating_Expense,234983.69,
43,202201,8,,Budget,Operating_Expense,223234.5,
44,202201,8,,Forecast,Operating_Expense,235318.18,
45,202202,1,101.0,Actual,Revenue,3835117.54,767.0
46,202202,3,101.0,Actual,COGS,2238451.55,
47,202202,1,101.0,Budget,Revenue,4026873.41,821.0
48,202202,3,101.0,Budget,COGS,2171298.0,
49,202202,1,101.0,Forecast,Revenue,3944815.66,
50,202202,1,102.0,Actual,Revenue,3307319.25,1102.0
51,202202,3,102.0,Actual,COGS,1825238.13,
52,202202,1,102.0,Budget,Revenue,3472685.21,1180.0
53,202202,3,102.0,Budget,COGS,1770480.98,
54,202202,1,102.0,Forecast,Revenue,3492234.26,
55,202202,1,103.0,Actual,Revenue,1988470.09,1988.0
56,202202,3,103.0,Actual,COGS,810105.77,
57,202202,1,103.0,Budget,Revenue,2087893.59,2128.0
58,202202,3,103.0,Budget,COGS,785802.6,
59,202202,1,103.0,Forecast,Revenue,1997157.91,
60,202202,1,104.0,Actual,Revenue,3282403.86,365.0
61,202202,3,104.0,Actual,COGS,2028086.8,
62,202202,1,104.0,Budget,Revenue,3446524.06,390.0
63,202202,3,104.0,Budget,COGS,1967244.2,
64,202202,1,104.0,Forecast,Revenue,3332336.45,
65,202202,1,,Actual,Operating_Expense,231101.91,
66,202202,1,,Budget,Operating_Expense,219546.82,
67,202202,1,,Forecast,Operating_Expense,230990.45,
68,202202,2,,Actual,Operating_Expense,226719.43,
69,202202,2,,Budget,Operating_Expense,215383.45,
70,202202,2,,Forecast,Operating_Expense,235999.51,
71,202202,3,,Actual,Operating_Expense,237939.0,
72,202202,3,,Budget,Operating_Expense,226042.05,
73,202202,3,,Forecast,Operating_Expense,241806.04,
74,202202,4,,Actual,Operating_Expense,240585.55,
75,202202,4,,Budget,Operating_Expense,228556.28,
76,202202,4,,Forecast,Operating_Expense,241068.36,
77,202202,5,,Actual,Operating_Expense,252335.51,
78,202202,5,,Budget,Operating_Expense,239718.74,
79,202202,5,,Forecast,Operating_Expense,244383.27,
80,202202,6,,Actual,Operating_Expense,273479.23,
81,202202,6,,Budget,Operating_Expense,259805.27,
82,202202,6,,Forecast,Operating_Expense,281003.54,
83,202202,7,,Actual,Operating_Expense,271974.95,
84,202202,7,,Budget,Operating_Expense,258376.2,
85,202202,7,,Forecast,Operating_Expense,282713.26,
86,202202,8,,Actual,Operating_Expense,254895.0,
87,202202,8,,Budget,Operating_Expense,242150.25,
88,202202,8,,Forecast,Operating_Expense,265648.36,
89,202203,1,101.0,Actual,Revenue,3835397.0,767.0
90,202203,3,101.0,Actual,COGS,2259261.25,
91,202203,1,101.0,Budget,Revenue,4027166.85,821.0
92,202203,3,101.0,Budget,COGS,2191483.41,
93,202203,1,101.0,Forecast,Revenue,3772566.23,
94,202203,1,102.0,Actual,Revenue,3537118.92,1179.0
95,202203,3,102.0,Actual,COGS,1990979.49,
96,202203,1,102.0,Budget,Revenue,3713974.87,1262.0
97,202203,3,102.0,Budget,COGS,1931250.11,
98,202203,1,102.0,Forecast,Revenue,3543160.04,
99,202203,1,103.0,Actual,Revenue,2065747.5,2066.0
100,202203,3,103.0,Actual,COGS,819197.13,
101,202203,1,103.0,Budget,Revenue,2169034.88,2210.0
102,202203,3,103.0,Budget,COGS,794621.21,
103,202203,1,103.0,Forecast,Revenue,2070859.73,
104,202203,1,104.0,Actual,Revenue,3615370.59,402.0
105,202203,3,104.0,Actual,COGS,2161792.77,
106,202203,1,104.0,Budget,Revenue,3796139.12,430.0
107,202203,3,104.0,Budget,COGS,2096938.98,
108,202203,1,104.0,Forecast,Revenue,3775082.33,
109,202203,1,,Actual,Operating_Expense,228727.53,
110,202203,1,,Budget,Operating_Expense,217291.16,
111,202203,1,,Forecast,Operating_Expense,239863.98,
112,202203,2,,Actual,Operating_Expense,263612.24,
113,202203,2,,Budget,Operating_Expense,250431.63,
114,202203,2,,Forecast,Operating_Expense,255670.02,
115,202203,3,,Actual,Operating_Expense,225276.11,
116,202203,3,,Budget,Operating_Expense,214012.3,
117,202203,3,,Forecast,Operating_Expense,232382.7,
118,202203,4,,Actual,Operating_Expense,260342.87,
119,202203,4,,Budget,Operating_Expense,247325.72,
120,202203,4,,Forecast,Operating_Expense,266304.91,
121,202203,5,,Actual,Operating_Expense,263563.52,
122,202203,5,,Budget,Operating_Expense,250385.34,
123,202203,5,,Forecast,Operating_Expense,252336.89,
124,202203,6,,Actual,Operating_Expense,242923.29,
125,202203,6,,Budget,Operating_Expense,230777.12,
126,202203,6,,Forecast,Operating_Expense,233591.85,
127,202203,7,,Actual,Operating_Expense,268155.17,
128,202203,7,,Budget,Operating_Expense,254747.41,
129,202203,7,,Forecast,Operating_Expense,271461.47,
130,202203,8,,Actual,Operating_Expense,241544.9,
131,202203,8,,Budget,Operating_Expense,229467.66,
132,202203,8,,Forecast,Operating_Expense,231002.88,
133,202204,1,101.0,Actual,Revenue,4120612.58,824.0
134,202204,3,101.0,Actual,COGS,2446434.88,
135,202204,1,101.0,Budget,Revenue,4326643.2,882.0
136,202204,3,101.0,Budget,COGS,2373041.83,
137,202204,1,101.0,Forecast,Revenue,4278714.28,
138,202204,1,102.0,Actual,Revenue,3831996.72,1277.0
139,202204,3,102.0,Actual,COGS,2221913.94,
140,202204,1,102.0,Budget,Revenue,4023596.56,1367.0
141,202204,3,102.0,Budget,COGS,2155256.52,
142,202204,1,102.0,Forecast,Revenue,3900118.87,
143,202204,1,103.0,Actual,Revenue,2020114.79,2020.0
144,202204,3,103.0,Actual,COGS,818384.61,
145,202204,1,103.0,Budget,Revenue,2121120.53,2162.0
146,202204,3,103.0,Budget,COGS,793833.07,
147,202204,1,103.0,Forecast,Revenue,2102662.35,
148,202204,1,104.0,Actual,Revenue,3803162.78,423.0
149,202204,3,104.0,Actual,COGS,2361941.22,
150,202204,1,104.0,Budget,Revenue,3993320.92,452.0
151,202204,3,104.0,Budget,COGS,2291082.98,
152,202204,1,104.0,Forecast,Revenue,3877338.33,
153,202204,1,,Actual,Operating_Expense,251136.64,
154,202204,1,,Budget,Operating_Expense,238579.81,
155,202204,1,,Forecast,Operating_Expense,249316.93,
156,202204,2,,Actual,Operating_Expense,226270.96,
157,202204,2,,Budget,Operating_Expense,214957.41,
158,202204,2,,Forecast,Operating_Expense,217398.68,
159,202204,3,,Actual,Operating_Expense,226571.46,
160,202204,3,,Budget,Operating_Expense,215242.89,
161,202204,3,,Forecast,Operating_Expense,229662.13,
162,202204,4,,Actual,Operating_Expense,240717.8,
163,202204,4,,Budget,Operating_Expense,228681.91,
164,202204,4,,Forecast,Operating_Expense,240924.11,
165,202204,5,,Actual,Operating_Expense,270378.32,
166,202204,5,,Budget,Operating_Expense,256859.41,
167,202204,5,,Forecast,Operating_Expense,263599.73,
168,202204,6,,Actual,Operating_Expense,245519.15,
169,202204,6,,Budget,Operating_Expense,233243.19,
170,202204,6,,Forecast,Operating_Expense,251793.42,
171,202204,7,,Actual,Operating_Expense,236439.91,
172,202204,7,,Budget,Operating_Expense,224617.91,
173,202204,7,,Forecast,Operating_Expense,226438.03,
174,202204,8,,Actual,Operating_Expense,239487.57,
175,202204,8,,Budget,Operating_Expense,227513.19,
176,202204,8,,Forecast,Operating_Expense,231374.24,
177,202205,1,101.0,Actual,Revenue,4589066.97,918.0
178,202205,3,101.0,Actual,COGS,2804343.64,
179,202205,1,101.0,Budget,Revenue,4818520.32,982.0
180,202205,3,101.0,Budget,COGS,2720213.33,
181,202205,1,101.0,Forecast,Revenue,4729824.21,
182,202205,1,102.0,Actual,Revenue,4107098.39,1369.0
183,202205,3,102.0,Actual,COGS,2369760.93,
184,202205,1,102.0,Budget,Revenue,4312453.31,1465.0
185,202205,3,102.0,Budget,COGS,2298668.11,
186,202205,1,102.0,Forecast,Revenue,4086257.35,
187,202205,1,103.0,Actual,Revenue,2286362.98,2286.0
188,202205,3,103.0,Actual,COGS,916704.01,
189,202205,1,103.0,Budget,Revenue,2400681.13,2446.0
190,202205,3,103.0,Budget,COGS,889202.89,
191,202205,1,103.0,Forecast,Revenue,2388323.82,
192,202205,1,104.0,Actual,Revenue,4116852.15,457.0
193,202205,3,104.0,Actual,COGS,2488381.49,
194,202205,1,104.0,Budget,Revenue,4322694.76,489.0
195,202205,3,104.0,Budget,COGS,2413730.05,
196,202205,1,104.0,Forecast,Revenue,4070760.51,
197,202205,1,,Actual,Operating_Expense,236396.76,
198,202205,1,,Budget,Operating_Expense,224576.92,
199,202205,1,,Forecast,Operating_Expense,234673.61,
200,202205,2,,Actual,Operating_Expense,265900.74,
201,202205,2,,Budget,Operating_Expense,252605.7,
202,202205,2,,Forecast,Operating_Expense,275492.59,
203,202205,3,,Actual,Operating_Expense,225347.61,
204,202205,3,,Budget,Operating_Expense,214080.23,
205,202205,3,,Forecast,Operating_Expense,225589.79,
206,202205,4,,Actual,Operating_Expense,245870.55,
207,202205,4,,Budget,Operating_Expense,233577.02,
208,202205,4,,Forecast,Operating_Expense,239038.0,
209,202205,5,,Actual,Operating_Expense,230993.27,
210,202205,5,,Budget,Operating_Expense,219443.6,
211,202205,5,,Forecast,Operating_Expense,227242.29,
212,202205,6,,Actual,Operating_Expense,272145.49,
213,202205,6,,Budget,Operating_Expense,258538.21,
214,202205,6,,Forecast,Operating_Expense,267334.03,
215,202205,7,,Actual,Operating_Expense,250939.53,
216,202205,7,,Budget,Operating_Expense,238392.55,
217,202205,7,,Forecast,Operating_Expense,256034.08,
218,202205,8,,Actual,Operating_Expense,243181.48,
219,202205,8,,Budget,Operating_Expense,231022.41,
220,202205,8,,Forecast,Operating_Expense,254654.35,
221,202206,1,101.0,Actual,Revenue,4812725.76,963.0
222,202206,3,101.0,Actual,COGS,2844629.72,
223,202206,1,101.0,Budget,Revenue,5053362.04,1030.0
224,202206,3,101.0,Budget,COGS,2759290.83,
225,202206,1,101.0,Forecast,Revenue,4907920.9,
226,202206,1,102.0,Actual,Revenue,4057563.62,1353.0
227,202206,3,102.0,Actual,COGS,2269603.26,
228,202206,1,102.0,Budget,Revenue,4260441.8,1447.0
229,202206,3,102.0,Budget,COGS,2201515.16,
230,202206,1,102.0,Forecast,Revenue,3988386.04,
231,202206,1,103.0,Actual,Revenue,2325199.8,2325.0
232,202206,3,103.0,Actual,COGS,930229.42,
233,202206,1,103.0,Budget,Revenue,2441459.79,2488.0
234,202206,3,103.0,Budget,COGS,902322.54,
235,202206,1,103.0,Forecast,Revenue,2288271.67,
236,202206,1,104.0,Actual,Revenue,4048359.64,450.0
237,202206,3,104.0,Actual,COGS,2534600.48,
238,202206,1,104.0,Budget,Revenue,4250777.62,481.0
239,202206,3,104.0,Budget,COGS,2458562.47,
240,202206,1,104.0,Forecast,Revenue,4044979.06,
241,202206,1,,Actual,Operating_Expense,232244.74,
242,202206,1,,Budget,Operating_Expense,220632.51,
243,202206,1,,Forecast,Operating_Expense,231999.79,
244,202206,2,,Actual,Operating_Expense,274282.52,
245,202206,2,,Budget,Operating_Expense,260568.4,
246,202206,2,,Forecast,Operating_Expense,267207.55,
247,202206,3,,Actual,Operating_Expense,258606.78,
248,202206,3,,Budget,Operating_Expense,245676.44,
249,202206,3,,Forecast,Operating_Expense,265372.44,
250,202206,4,,Actual,Operating_Expense,236881.88,
251,202206,4,,Budget,Operating_Expense,225037.78,
252,202206,4,,Forecast,Operating_Expense,242287.91,
253,202206,5,,Actual,Operating_Expense,243389.16,
254,202206,5,,Budget,Operating_Expense,231219.7,
255,202206,5,,Forecast,Operating_Expense,246609.34,
256,202206,6,,Actual,Operating_Expense,256676.49,
257,202206,6,,Budget,Operating_Expense,243842.66,
258,202206,6,,Forecast,Operating_Expense,257594.74,
259,202206,7,,Actual,Operating_Expense,229514.49,
260,202206,7,,Budget,Operating_Expense,218038.76,
261,202206,7,,Forecast,Operating_Expense,237210.17,
262,202206,8,,Actual,Operating_Expense,241039.0,
263,202206,8,,Budget,Operating_Expense,228987.05,
264,202206,8,,Forecast,Operating_Expense,233482.88,
265,202207,1,101.0,Actual,Revenue,4007125.56,801.0
266,202207,3,101.0,Actual,COGS,2417387.24,
267,202207,1,101.0,Budget,Revenue,4207481.84,858.0
268,202207,3,101.0,Budget,COGS,2344865.62,
269,202207,1,101.0,Forecast,Revenue,4144189.89,
270,202207,1,102.0,Actual,Revenue,3597270.2,1199.0
271,202207,3,102.0,Actual,COGS,2039932.18,
272,202207,1,102.0,Budget,Revenue,3777133.71,1283.0
273,202207,3,102.0,Budget,COGS,1978734.22,
274,202207,1,102.0,Forecast,Revenue,3590506.12,
275,202207,1,103.0,Actual,Revenue,2130486.29,2130.0
276,202207,3,103.0,Actual,COGS,835544.33,
277,202207,1,103.0,Budget,Revenue,2237010.6,2280.0
278,202207,3,103.0,Budget,COGS,810478.0,
279,202207,1,103.0,Forecast,Revenue,2205639.23,
280,202207,1,104.0,Actual,Revenue,3737185.96,415.0
281,202207,3,104.0,Actual,COGS,2343681.04,
282,202207,1,104.0,Budget,Revenue,3924045.26,444.0
283,202207,3,104.0,Budget,COGS,2273370.61,
284,202207,1,104.0,Forecast,Revenue,3703557.55,
285,202207,1,,Actual,Operating_Expense,242053.32,
286,202207,1,,Budget,Operating_Expense,229950.65,
287,202207,1,,Forecast,Operating_Expense,232697.32,
288,202207,2,,Actual,Operating_Expense,271234.68,
289,202207,2,,Budget,Operating_Expense,257672.95,
290,202207,2,,Forecast,Operating_Expense,281469.43,
291,202207,3,,Actual,Operating_Expense,237897.08,
292,202207,3,,Budget,Operating_Expense,226002.23,
293,202207,3,,Forecast,Operating_Expense,241703.06,
294,202207,4,,Actual,Operating_Expense,265861.11,
295,202207,4,,Budget,Operating_Expense,252568.05,
296,202207,4,,Forecast,Operating_Expense,267328.68,
297,202207,5,,Actual,Operating_Expense,251482.53,
298,202207,5,,Budget,Operating_Expense,238908.4,
299,202207,5,,Forecast,Operating_Expense,244990.57,
300,202207,6,,Actual,Operating_Expense,229655.14,
301,202207,6,,Budget,Operating_Expense,218172.38,
302,202207,6,,Forecast,Operating_Expense,238777.4,
303,202207,7,,Actual,Operating_Expense,270020.9,
304,202207,7,,Budget,Operating_Expense,256519.86,
305,202207,7,,Forecast,Operating_Expense,273614.92,
306,202207,8,,Actual,Operating_Expense,241951.49,
307,202207,8,,Budget,Operating_Expense,229853.92,
308,202207,8,,Forecast,Operating_Expense,238303.09,
309,202208,1,101.0,Actual,Revenue,4090382.27,818.0
310,202208,3,101.0,Actual,COGS,2512705.34,
311,202208,1,101.0,Budget,Revenue,4294901.39,875.0
312,202208,3,101.0,Budget,COGS,2437324.18,
313,202208,1,101.0,Forecast,Revenue,4298856.43,
314,202208,1,102.0,Actual,Revenue,3700755.2,1234.0
315,202208,3,102.0,Actual,COGS,2114965.84,
316,202208,1,102.0,Budget,Revenue,3885792.96,1320.0
317,202208,3,102.0,Budget,COGS,2051516.86,
318,202208,1,102.0,Forecast,Revenue,3651650.61,
319,202208,1,103.0,Actual,Revenue,1932325.74,1932.0
320,202208,3,103.0,Actual,COGS,791413.57,
321,202208,1,103.0,Budget,Revenue,2028942.03,2068.0
322,202208,3,103.0,Budget,COGS,767671.17,
323,202208,1,103.0,Forecast,Revenue,1987424.71,
324,202208,1,104.0,Actual,Revenue,3423310.94,380.0
325,202208,3,104.0,Actual,COGS,2041999.5,
326,202208,1,104.0,Budget,Revenue,3594476.49,407.0
327,202208,3,104.0,Budget,COGS,1980739.52,
328,202208,1,104.0,Forecast,Revenue,3536554.55,
329,202208,1,,Actual,Operating_Expense,225253.08,
330,202208,1,,Budget,Operating_Expense,213990.43,
331,202208,1,,Forecast,Operating_Expense,217612.68,
332,202208,2,,Actual,Operating_Expense,252436.69,
333,202208,2,,Budget,Operating_Expense,239814.85,
334,202208,2,,Forecast,Operating_Expense,257280.83,
335,202208,3,,Actual,Operating_Expense,257598.06,
336,202208,3,,Budget,Operating_Expense,244718.16,
337,202208,3,,Forecast,Operating_Expense,250495.29,
338,202208,4,,Actual,Operating_Expense,260608.96,
339,202208,4,,Budget,Operating_Expense,247578.51,
340,202208,4,,Forecast,Operating_Expense,253761.44,
341,202208,5,,Actual,Operating_Expense,241269.98,
342,202208,5,,Budget,Operating_Expense,229206.49,
343,202208,5,,Forecast,Operating_Expense,247217.08,
344,202208,6,,Actual,Operating_Expense,257481.64,
345,202208,6,,Budget,Operating_Expense,244607.56,
346,202208,6,,Forecast,Operating_Expense,266473.51,
347,202208,7,,Actual,Operating_Expense,257880.64,
348,202208,7,,Budget,Operating_Expense,244986.61,
349,202208,7,,Forecast,Operating_Expense,259642.19,
350,202208,8,,Actual,Operating_Expense,229683.74,
351,202208,8,,Budget,Operating_Expense,218199.55,
352,202208,8,,Forecast,Operating_Expense,226645.39,
353,202209,1,101.0,Actual,Revenue,3710776.9,742.0
354,202209,3,101.0,Actual,COGS,2192266.24,
355,202209,1,101.0,Budget,Revenue,3896315.74,794.0
356,202209,3,101.0,Budget,COGS,2126498.25,
357,202209,1,101.0,Forecast,Revenue,3925411.37,
358,202209,1,102.0,Actual,Revenue,3383439.42,1128.0
359,202209,3,102.0,Actual,COGS,1962382.18,
360,202209,1,102.0,Budget,Revenue,3552611.39,1207.0
361,202209,3,102.0,Budget,COGS,1903510.71,
362,202209,1,102.0,Forecast,Revenue,3486604.18,
363,202209,1,103.0,Actual,Revenue,1956014.15,1956.0
364,202209,3,103.0,Actual,COGS,782529.46,
365,202209,1,103.0,Budget,Revenue,2053814.86,2093.0
366,202209,3,103.0,Budget,COGS,759053.57,
367,202209,1,103.0,Forecast,Revenue,2007168.44,
368,202209,1,104.0,Actual,Revenue,3417441.05,380.0
369,202209,3,104.0,Actual,COGS,2050248.26,
370,202209,1,104.0,Budget,Revenue,3588313.1,406.0
371,202209,3,104.0,Budget,COGS,1988740.82,
372,202209,1,104.0,Forecast,Revenue,3546607.23,
373,202209,1,,Actual,Operating_Expense,239038.62,
374,202209,1,,Budget,Operating_Expense,227086.69,
375,202209,1,,Forecast,Operating_Expense,227667.93,
376,202209,2,,Actual,Operating_Expense,257273.61,
377,202209,2,,Budget,Operating_Expense,244409.93,
378,202209,2,,Forecast,Operating_Expense,248966.52,
379,202209,3,,Actual,Operating_Expense,272022.93,
380,202209,3,,Budget,Operating_Expense,258421.78,
381,202209,3,,Forecast,Operating_Expense,284370.83,
382,202209,4,,Actual,Operating_Expense,270743.22,
383,202209,4,,Budget,Operating_Expense,257206.06,
384,202209,4,,Forecast,Operating_Expense,267227.85,
385,202209,5,,Actual,Operating_Expense,225772.83,
386,202209,5,,Budget,Operating_Expense,214484.19,
387,202209,5,,Forecast,Operating_Expense,235443.1,
388,202209,6,,Actual,Operating_Expense,246409.21,
389,202209,6,,Budget,Operating_Expense,234088.75,
390,202209,6,,Forecast,Operating_Expense,257908.01,
391,202209,7,,Actual,Operating_Expense,273181.0,
392,202209,7,,Budget,Operating_Expense,259521.95,
393,202209,7,,Forecast,Operating_Expense,282824.55,
394,202209,8,,Actual,Operating_Expense,239722.44,
395,202209,8,,Budget,Operating_Expense,227736.32,
396,202209,8,,Forecast,Operating_Expense,236967.98,
397,202210,1,101.0,Actual,Revenue,4554500.14,911.0
398,202210,3,101.0,Actual,COGS,2702682.25,
399,202210,1,101.0,Budget,Revenue,4782225.14,975.0
400,202210,3,101.0,Budget,COGS,2621601.78,
401,202210,1,101.0,Forecast,Revenue,4525166.51,
402,202210,1,102.0,Actual,Revenue,3982493.3,1327.0
403,202210,3,102.0,Actual,COGS,2315803.64,
404,202210,1,102.0,Budget,Revenue,4181617.96,1420.0
405,202210,3,102.0,Budget,COGS,2246329.53,
406,202210,1,102.0,Forecast,Revenue,4124598.15,
407,202210,1,103.0,Actual,Revenue,2215413.46,2215.0
408,202210,3,103.0,Actual,COGS,864747.29,
409,202210,1,103.0,Budget,Revenue,2326184.13,2370.0
410,202210,3,103.0,Budget,COGS,838804.87,
411,202210,1,103.0,Forecast,Revenue,2280104.81,
412,202210,1,104.0,Actual,Revenue,4154061.32,462.0
413,202210,3,104.0,Actual,COGS,2483772.22,
414,202210,1,104.0,Budget,Revenue,4361764.39,494.0
415,202210,3,104.0,Budget,COGS,2409259.05,
416,202210,1,104.0,Forecast,Revenue,4243233.95,
417,202210,1,,Actual,Operating_Expense,268868.65,
418,202210,1,,Budget,Operating_Expense,255425.22,
419,202210,1,,Forecast,Operating_Expense,275342.17,
420,202210,2,,Actual,Operating_Expense,259850.79,
421,202210,2,,Budget,Operating_Expense,246858.25,
422,202210,2,,Forecast,Operating_Expense,265112.35,
423,202210,3,,Actual,Operating_Expense,242974.56,
424,202210,3,,Budget,Operating_Expense,230825.83,
425,202210,3,,Forecast,Operating_Expense,237959.36,
426,202210,4,,Actual,Operating_Expense,265468.06,
427,202210,4,,Budget,Operating_Expense,252194.65,
428,202210,4,,Forecast,Operating_Expense,273700.58,
429,202210,5,,Actual,Operating_Expense,268353.62,
430,202210,5,,Budget,Operating_Expense,254935.94,
431,202210,5,,Forecast,Operating_Expense,279443.08,
432,202210,6,,Actual,Operating_Expense,250567.12,
433,202210,6,,Budget,Operating_Expense,238038.76,
434,202210,6,,Forecast,Operating_Expense,250605.11,
435,202210,7,,Actual,Operating_Expense,264914.76,
436,202210,7,,Budget,Operating_Expense,251669.02,
437,202210,7,,Forecast,Operating_Expense,268887.52,
438,202210,8,,Actual,Operating_Expense,260098.34,
439,202210,8,,Budget,Operating_Expense,247093.43,
440,202210,8,,Forecast,Operating_Expense,267791.86,
441,202211,1,101.0,Actual,Revenue,5195002.67,1039.0
442,202211,3,101.0,Actual,COGS,3086703.44,
443,202211,1,101.0,Budget,Revenue,5454752.8,1112.0
444,202211,3,101.0,Budget,COGS,2994102.34,
445,202211,1,101.0,Forecast,Revenue,5247194.97,
446,202211,1,102.0,Actual,Revenue,4317291.87,1439.0
447,202211,3,102.0,Actual,COGS,2457955.97,
448,202211,1,102.0,Budget,Revenue,4533156.47,1540.0
449,202211,3,102.0,Budget,COGS,2384217.29,
450,202211,1,102.0,Forecast,Revenue,4243359.9,
451,202211,1,103.0,Actual,Revenue,2491399.5,2491.0
452,202211,3,103.0,Actual,COGS,999109.68,
453,202211,1,103.0,Budget,Revenue,2615969.48,2666.0
454,202211,3,103.0,Budget,COGS,969136.39,
455,202211,1,103.0,Forecast,Revenue,2498682.61,
456,202211,1,104.0,Actual,Revenue,4540874.97,505.0
457,202211,3,104.0,Actual,COGS,2696808.03,
458,202211,1,104.0,Budget,Revenue,4767918.72,540.0
459,202211,3,104.0,Budget,COGS,2615903.78,
460,202211,1,104.0,Forecast,Revenue,4463624.94,
461,202211,1,,Actual,Operating_Expense,266130.03,
462,202211,1,,Budget,Operating_Expense,252823.53,
463,202211,1,,Forecast,Operating_Expense,262409.28,
464,202211,2,,Actual,Operating_Expense,231353.03,
465,202211,2,,Budget,Operating_Expense,219785.37,
466,202211,2,,Forecast,Operating_Expense,231867.63,
467,202211,3,,Actual,Operating_Expense,263499.68,
468,202211,3,,Budget,Operating_Expense,250324.69,
469,202211,3,,Forecast,Operating_Expense,256011.57,
470,202211,4,,Actual,Operating_Expense,256144.52,
471,202211,4,,Budget,Operating_Expense,243337.3,
472,202211,4,,Forecast,Operating_Expense,245523.43,
473,202211,5,,Actual,Operating_Expense,227584.09,
474,202211,5,,Budget,Operating_Expense,216204.88,
475,202211,5,,Forecast,Operating_Expense,228297.67,
476,202211,6,,Actual,Operating_Expense,252031.76,
477,202211,6,,Budget,Operating_Expense,239430.17,
478,202211,6,,Forecast,Operating_Expense,255495.43,
479,202211,7,,Actual,Operating_Expense,261304.57,
480,202211,7,,Budget,Operating_Expense,248239.34,
481,202211,7,,Forecast,Operating_Expense,273738.8,
482,202211,8,,Actual,Operating_Expense,250815.02,
483,202211,8,,Budget,Operating_Expense,238274.27,
484,202211,8,,Forecast,Operating_Expense,246374.5,
485,202212,1,101.0,Actual,Revenue,5765304.27,1153.0
486,202212,3,101.0,Actual,COGS,3411618.58,
487,202212,1,101.0,Budget,Revenue,6053569.48,1234.0
488,202212,3,101.0,Budget,COGS,3309270.02,
489,202212,1,101.0,Forecast,Revenue,5852462.49,
490,202212,1,102.0,Actual,Revenue,4827542.02,1609.0
491,202212,3,102.0,Actual,COGS,2657699.91,
492,202212,1,102.0,Budget,Revenue,5068919.12,1722.0
493,202212,3,102.0,Budget,COGS,2577968.91,
494,202212,1,102.0,Forecast,Revenue,5102769.23,
495,202212,1,103.0,Actual,Revenue,2894074.43,2894.0
496,202212,3,103.0,Actual,COGS,1171241.71,
497,202212,1,103.0,Budget,Revenue,3038778.16,3097.0
498,202212,3,103.0,Budget,COGS,1136104.46,
499,202212,1,103.0,Forecast,Revenue,2930876.17,
500,202212,1,104.0,Actual,Revenue,4875340.34,542.0
501,202212,3,104.0,Actual,COGS,2917958.48,
502,202212,1,104.0,Budget,Revenue,5119107.35,580.0
503,202212,3,104.0,Budget,COGS,2830419.73,
504,202212,1,104.0,Forecast,Revenue,4875435.07,
505,202212,1,,Actual,Operating_Expense,252461.33,
506,202212,1,,Budget,Operating_Expense,239838.27,
507,202212,1,,Forecast,Operating_Expense,257879.05,
508,202212,2,,Actual,Operating_Expense,258009.87,
509,202212,2,,Budget,Operating_Expense,245109.38,
510,202212,2,,Forecast,Operating_Expense,252331.95,
511,202212,3,,Actual,Operating_Expense,272743.26,
512,202212,3,,Budget,Operating_Expense,259106.1,
513,202212,3,,Forecast,Operating_Expense,279231.74,
514,202212,4,,Actual,Operating_Expense,252717.7,
515,202212,4,,Budget,Operating_Expense,240081.82,
516,202212,4,,Forecast,Operating_Expense,255541.08,
517,202212,5,,Actual,Operating_Expense,245980.0,
518,202212,5,,Budget,Operating_Expense,233681.0,
519,202212,5,,Forecast,Operating_Expense,239774.69,
520,202212,6,,Actual,Operating_Expense,242798.63,
521,202212,6,,Budget,Operating_Expense,230658.7,
522,202212,6,,Forecast,Operating_Expense,249059.1,
523,202212,7,,Actual,Operating_Expense,225719.67,
524,202212,7,,Budget,Operating_Expense,214433.69,
525,202212,7,,Forecast,Operating_Expense,217053.68,
526,202212,8,,Actual,Operating_Expense,227300.13,
527,202212,8,,Budget,Operating_Expense,215935.13,
528,202212,8,,Forecast,Operating_Expense,216860.89,
529,202301,1,101.0,Actual,Revenue,4026203.08,805.0
530,202301,3,101.0,Actual,COGS,2445240.69,
531,202301,1,101.0,Budget,Revenue,4227513.23,862.0
532,202301,3,101.0,Budget,COGS,2371883.47,
533,202301,1,101.0,Forecast,Revenue,4098408.62,
534,202301,1,102.0,Actual,Revenue,3358474.13,1119.0
535,202301,3,102.0,Actual,COGS,1902177.97,
536,202301,1,102.0,Budget,Revenue,3526397.84,1198.0
537,202301,3,102.0,Budget,COGS,1845112.63,
538,202301,1,102.0,Forecast,Revenue,3418516.06,
539,202301,1,103.0,Actual,Revenue,1880470.44,1880.0
540,202301,3,103.0,Actual,COGS,749202.82,
541,202301,1,103.0,Budget,Revenue,1974493.97,2012.0
542,202301,3,103.0,Budget,COGS,726726.73,
543,202301,1,103.0,Forecast,Revenue,1902811.14,
544,202301,1,104.0,Actual,Revenue,3539738.27,393.0
545,202301,3,104.0,Actual,COGS,2180707.24,
546,202301,1,104.0,Budget,Revenue,3716725.18,421.0
547,202301,3,104.0,Budget,COGS,2115286.03,
548,202301,1,104.0,Forecast,Revenue,3481772.65,
549,202301,1,,Actual,Operating_Expense,255917.16,
550,202301,1,,Budget,Operating_Expense,243121.3,
551,202301,1,,Forecast,Operating_Expense,259138.13,
552,202301,2,,Actual,Operating_Expense,262664.65,
553,202301,2,,Budget,Operating_Expense,249531.42,
554,202301,2,,Forecast,Operating_Expense,272028.38,
555,202301,3,,Actual,Operating_Expense,270831.42,
556,202301,3,,Budget,Operating_Expense,257289.84,
557,202301,3,,Forecast,Operating_Expense,261702.62,
558,202301,4,,Actual,Operating_Expense,239954.86,
559,202301,4,,Budget,Operating_Expense,227957.12,
560,202301,4,,Forecast,Operating_Expense,243372.28,
561,202301,5,,Actual,Operating_Expense,237641.84,
562,202301,5,,Budget,Operating_Expense,225759.75,
563,202301,5,,Forecast,Operating_Expense,239680.23,
564,202301,6,,Actual,Operating_Expense,285612.09,
565,202301,6,,Budget,Operating_Expense,271331.48,
566,202301,6,,Forecast,Operating_Expense,287767.72,
567,202301,7,,Actual,Operating_Expense,256628.92,
568,202301,7,,Budget,Operating_Expense,243797.48,
569,202301,7,,Forecast,Operating_Expense,260306.11,
570,202301,8,,Actual,Operating_Expense,260308.28,
571,202301,8,,Budget,Operating_Expense,247292.86,
572,202301,8,,Forecast,Operating_Expense,261495.72,
573,202302,1,101.0,Actual,Revenue,4285177.16,857.0
574,202302,3,101.0,Actual,COGS,2553535.76,
575,202302,1,101.0,Budget,Revenue,4499436.02,917.0
576,202302,3,101.0,Budget,COGS,2476929.69,
577,202302,1,101.0,Forecast,Revenue,4528983.36,
578,202302,1,102.0,Actual,Revenue,3843320.31,1281.0
579,202302,3,102.0,Actual,COGS,2138129.66,
580,202302,1,102.0,Budget,Revenue,4035486.33,1371.0
581,202302,3,102.0,Budget,COGS,2073985.77,
582,202302,1,102.0,Forecast,Revenue,3787780.12,
583,202302,1,103.0,Actual,Revenue,1970079.65,1970.0
584,202302,3,103.0,Actual,COGS,765252.47,
585,202302,1,103.0,Budget,Revenue,2068583.63,2108.0
586,202302,3,103.0,Budget,COGS,742294.89,
587,202302,1,103.0,Forecast,Revenue,1945562.87,
588,202302,1,104.0,Actual,Revenue,3761195.38,418.0
589,202302,3,104.0,Actual,COGS,2239370.7,
590,202302,1,104.0,Budget,Revenue,3949255.15,447.0
591,202302,3,104.0,Budget,COGS,2172189.58,
592,202302,1,104.0,Forecast,Revenue,3781949.85,
593,202302,1,,Actual,Operating_Expense,280605.95,
594,202302,1,,Budget,Operating_Expense,266575.66,
595,202302,1,,Forecast,Operating_Expense,267228.68,
596,202302,2,,Actual,Operating_Expense,279009.6,
597,202302,2,,Budget,Operating_Expense,265059.12,
598,202302,2,,Forecast,Operating_Expense,272923.13,
599,202302,3,,Actual,Operating_Expense,242453.65,
600,202302,3,,Budget,Operating_Expense,230330.97,
601,202302,3,,Forecast,Operating_Expense,247223.62,
602,202302,4,,Actual,Operating_Expense,269269.5,
603,202302,4,,Budget,Operating_Expense,255806.02,
604,202302,4,,Forecast,Operating_Expense,279433.67,
605,202302,5,,Actual,Operating_Expense,274841.23,
606,202302,5,,Budget,Operating_Expense,261099.17,
607,202302,5,,Forecast,Operating_Expense,283182.14,
608,202302,6,,Actual,Operating_Expense,251056.82,
609,202302,6,,Budget,Operating_Expense,238503.97,
610,202302,6,,Forecast,Operating_Expense,242958.71,
611,202302,7,,Actual,Operating_Expense,275657.27,
612,202302,7,,Budget,Operating_Expense,261874.41,
613,202302,7,,Forecast,Operating_Expense,284115.4,
614,202302,8,,Actual,Operating_Expense,288251.52,
615,202302,8,,Budget,Operating_Expense,273838.94,
616,202302,8,,Forecast,Operating_Expense,285732.71,
617,202303,1,101.0,Actual,Revenue,4264711.81,853.0
618,202303,3,101.0,Actual,COGS,2601264.67,
619,202303,1,101.0,Budget,Revenue,4477947.4,913.0
620,202303,3,101.0,Budget,COGS,2523226.73,
621,202303,1,101.0,Forecast,Revenue,4295691.89,
622,202303,1,102.0,Actual,Revenue,4055478.45,1352.0
623,202303,3,102.0,Actual,COGS,2347524.65,
624,202303,1,102.0,Budget,Revenue,4258252.37,1446.0
625,202303,3,102.0,Budget,COGS,2277098.91,
626,202303,1,102.0,Forecast,Revenue,4113550.96,
627,202303,1,103.0,Actual,Revenue,2214188.15,2214.0
628,202303,3,103.0,Actual,COGS,899201.8,
629,202303,1,103.0,Budget,Revenue,2324897.56,2369.0
630,202303,3,103.0,Budget,COGS,872225.75,
631,202303,1,103.0,Forecast,Revenue,2188171.24,
632,202303,1,104.0,Actual,Revenue,4044512.57,449.0
633,202303,3,104.0,Actual,COGS,2472425.49,
634,202303,1,104.0,Budget,Revenue,4246738.2,481.0
635,202303,3,104.0,Budget,COGS,2398252.73,
636,202303,1,104.0,Forecast,Revenue,4231031.73,
637,202303,1,,Actual,Operating_Expense,253052.6,
638,202303,1,,Budget,Operating_Expense,240399.97,
639,202303,1,,Forecast,Operating_Expense,263061.42,
640,202303,2,,Actual,Operating_Expense,256683.09,
641,202303,2,,Budget,Operating_Expense,243848.93,
642,202303,2,,Forecast,Operating_Expense,244127.12,
643,202303,3,,Actual,Operating_Expense,283782.55,
644,202303,3,,Budget,Operating_Expense,269593.43,
645,202303,3,,Forecast,Operating_Expense,272183.98,
646,202303,4,,Actual,Operating_Expense,253013.97,
647,202303,4,,Budget,Operating_Expense,240363.27,
648,202303,4,,Forecast,Operating_Expense,264401.16,
649,202303,5,,Actual,Operating_Expense,286156.88,
650,202303,5,,Budget,Operating_Expense,271849.03,
651,202303,5,,Forecast,Operating_Expense,288258.35,
652,202303,6,,Actual,Operating_Expense,269421.45,
653,202303,6,,Budget,Operating_Expense,255950.38,
654,202303,6,,Forecast,Operating_Expense,268032.47,
655,202303,7,,Actual,Operating_Expense,251643.57,
656,202303,7,,Budget,Operating_Expense,239061.39,
657,202303,7,,Forecast,Operating_Expense,247332.02,
658,202303,8,,Actual,Operating_Expense,271557.22,
659,202303,8,,Budget,Operating_Expense,257979.36,
660,202303,8,,Forecast,Operating_Expense,278410.63,
661,202304,1,101.0,Actual,Revenue,4668260.25,934.0
662,202304,3,101.0,Actual,COGS,2849628.62,
663,202304,1,101.0,Budget,Revenue,4901673.27,999.0
664,202304,3,101.0,Budget,COGS,2764139.76,
665,202304,1,101.0,Forecast,Revenue,4608956.96,
666,202304,1,102.0,Actual,Revenue,4080122.15,1360.0
667,202304,3,102.0,Actual,COGS,2250691.93,
668,202304,1,102.0,Budget,Revenue,4284128.25,1455.0
669,202304,3,102.0,Budget,COGS,2183171.17,
670,202304,1,102.0,Forecast,Revenue,4177891.3,
671,202304,1,103.0,Actual,Revenue,2254739.12,2255.0
672,202304,3,103.0,Actual,COGS,922875.77,
673,202304,1,103.0,Budget,Revenue,2367476.07,2413.0
674,202304,3,103.0,Budget,COGS,895189.5,
675,202304,1,103.0,Forecast,Revenue,2272942.08,
676,202304,1,104.0,Actual,Revenue,3926071.44,436.0
677,202304,3,104.0,Actual,COGS,2347872.41,
678,202304,1,104.0,Budget,Revenue,4122375.01,467.0
679,202304,3,104.0,Budget,COGS,2277436.23,
680,202304,1,104.0,Forecast,Revenue,4086729.62,
681,202304,1,,Actual,Operating_Expense,268706.45,
682,202304,1,,Budget,Operating_Expense,255271.13,
683,202304,1,,Forecast,Operating_Expense,257988.36,
684,202304,2,,Actual,Operating_Expense,240665.61,
685,202304,2,,Budget,Operating_Expense,228632.33,
686,202304,2,,Forecast,Operating_Expense,245502.24,
687,202304,3,,Actual,Operating_Expense,240070.06,
688,202304,3,,Budget,Operating_Expense,228066.55,
689,202304,3,,Forecast,Operating_Expense,247796.95,
690,202304,4,,Actual,Operating_Expense,273327.72,
691,202304,4,,Budget,Operating_Expense,259661.33,
692,202304,4,,Forecast,Operating_Expense,261884.82,
693,202304,5,,Actual,Operating_Expense,240703.98,
694,202304,5,,Budget,Operating_Expense,228668.78,
695,202304,5,,Forecast,Operating_Expense,252417.59,
696,202304,6,,Actual,Operating_Expense,255899.22,
697,202304,6,,Budget,Operating_Expense,243104.26,
698,202304,6,,Forecast,Operating_Expense,252588.96,
699,202304,7,,Actual,Operating_Expense,278921.98,
700,202304,7,,Budget,Operating_Expense,264975.88,
701,202304,7,,Forecast,Operating_Expense,291396.72,
702,202304,8,,Actual,Operating_Expense,288015.06,
703,202304,8,,Budget,Operating_Expense,273614.3,
704,202304,8,,Forecast,Operating_Expense,295312.73,
705,202305,1,101.0,Actual,Revenue,4693198.56,939.0
706,202305,3,101.0,Actual,COGS,2745549.43,
707,202305,1,101.0,Budget,Revenue,4927858.48,1004.0
708,202305,3,101.0,Budget,COGS,2663182.95,
709,202305,1,101.0,Forecast,Revenue,4891118.97,
710,202305,1,102.0,Actual,Revenue,4301778.33,1434.0
711,202305,3,102.0,Actual,COGS,2426591.06,
712,202305,1,102.0,Budget,Revenue,4516867.25,1534.0
713,202305,3,102.0,Budget,COGS,2353793.33,
714,202305,1,102.0,Forecast,Revenue,4527657.62,
715,202305,1,103.0,Actual,Revenue,2283620.52,2284.0
716,202305,3,103.0,Actual,COGS,913044.01,
717,202305,1,103.0,Budget,Revenue,2397801.55,2443.0
718,202305,3,103.0,Budget,COGS,885652.69,
719,202305,1,103.0,Forecast,Revenue,2240022.3,
720,202305,1,104.0,Actual,Revenue,4263396.78,474.0
721,202305,3,104.0,Actual,COGS,2536048.46,
722,202305,1,104.0,Budget,Revenue,4476566.62,507.0
723,202305,3,104.0,Budget,COGS,2459967.0,
724,202305,1,104.0,Forecast,Revenue,4218654.28,
725,202305,1,,Actual,Operating_Expense,242420.13,
726,202305,1,,Budget,Operating_Expense,230299.12,
727,202305,1,,Forecast,Operating_Expense,246037.29,
728,202305,2,,Actual,Operating_Expense,275417.36,
729,202305,2,,Budget,Operating_Expense,261646.49,
730,202305,2,,Forecast,Operating_Expense,277713.48,
731,202305,3,,Actual,Operating_Expense,286764.06,
732,202305,3,,Budget,Operating_Expense,272425.86,
733,202305,3,,Forecast,Operating_Expense,283175.8,
734,202305,4,,Actual,Operating_Expense,251249.88,
735,202305,4,,Budget,Operating_Expense,238687.39,
736,202305,4,,Forecast,Operating_Expense,260510.93,
737,202305,5,,Actual,Operating_Expense,247988.78,
738,202305,5,,Budget,Operating_Expense,235589.34,
739,202305,5,,Forecast,Operating_Expense,259476.18,
740,202305,6,,Actual,Operating_Expense,236888.11,
741,202305,6,,Budget,Operating_Expense,225043.7,
742,202305,6,,Forecast,Operating_Expense,248018.98,
743,202305,7,,Actual,Operating_Expense,238515.9,
744,202305,7,,Budget,Operating_Expense,226590.1,
745,202305,7,,Forecast,Operating_Expense,247845.28,
746,202305,8,,Actual,Operating_Expense,263954.31,
747,202305,8,,Budget,Operating_Expense,250756.59,
748,202305,8,,Forecast,Operating_Expense,276966.33,
749,202306,1,101.0,Actual,Revenue,4756262.13,951.0
750,202306,3,101.0,Actual,COGS,2862978.5,
751,202306,1,101.0,Budget,Revenue,4994075.24,1018.0
752,202306,3,101.0,Budget,COGS,2777089.15,
753,202306,1,101.0,Forecast,Revenue,5029957.45,
754,202306,1,102.0,Actual,Revenue,4481527.51,1494.0
755,202306,3,102.0,Actual,COGS,2559248.98,
756,202306,1,102.0,Budget,Revenue,4705603.88,1598.0
757,202306,3,102.0,Budget,COGS,2482471.51,
758,202306,1,102.0,Forecast,Revenue,4641338.31,
759,202306,1,103.0,Actual,Revenue,2472708.0,2473.0
760,202306,3,103.0,Actual,COGS,996653.13,
761,202306,1,103.0,Budget,Revenue,2596343.4,2646.0
762,202306,3,103.0,Budget,COGS,966753.54,
763,202306,1,103.0,Forecast,Revenue,2538840.93,
764,202306,1,104.0,Actual,Revenue,4650565.77,517.0
765,202306,3,104.0,Actual,COGS,2764501.59,
766,202306,1,104.0,Budget,Revenue,4883094.06,553.0
767,202306,3,104.0,Budget,COGS,2681566.55,
768,202306,1,104.0,Forecast,Revenue,4662085.48,
769,202306,1,,Actual,Operating_Expense,286146.6,
770,202306,1,,Budget,Operating_Expense,271839.27,
771,202306,1,,Forecast,Operating_Expense,297313.87,
772,202306,2,,Actual,Operating_Expense,260171.98,
773,202306,2,,Budget,Operating_Expense,247163.38,
774,202306,2,,Forecast,Operating_Expense,263297.49,
775,202306,3,,Actual,Operating_Expense,250812.51,
776,202306,3,,Budget,Operating_Expense,238271.89,
777,202306,3,,Forecast,Operating_Expense,242990.2,
778,202306,4,,Actual,Operating_Expense,260594.17,
779,202306,4,,Budget,Operating_Expense,247564.46,
780,202306,4,,Forecast,Operating_Expense,256772.61,
781,202306,5,,Actual,Operating_Expense,266891.95,
782,202306,5,,Budget,Operating_Expense,253547.35,
783,202306,5,,Forecast,Operating_Expense,255622.02,
784,202306,6,,Actual,Operating_Expense,287405.73,
785,202306,6,,Budget,Operating_Expense,273035.44,
786,202306,6,,Forecast,Operating_Expense,301379.7,
787,202306,7,,Actual,Operating_Expense,272903.49,
788,202306,7,,Budget,Operating_Expense,259258.32,
789,202306,7,,Forecast,Operating_Expense,273888.57,
790,202306,8,,Actual,Operating_Expense,252500.2,
791,202306,8,,Budget,Operating_Expense,239875.19,
792,202306,8,,Forecast,Operating_Expense,260423.53,
793,202307,1,101.0,Actual,Revenue,4619794.06,924.0
794,202307,3,101.0,Actual,COGS,2715765.39,
795,202307,1,101.0,Budget,Revenue,4850783.76,989.0
796,202307,3,101.0,Budget,COGS,2634292.42,
797,202307,1,101.0,Forecast,Revenue,4864061.86,
798,202307,1,102.0,Actual,Revenue,4214072.6,1405.0
799,202307,3,102.0,Actual,COGS,2452421.12,
800,202307,1,102.0,Budget,Revenue,4424776.23,1503.0
801,202307,3,102.0,Budget,COGS,2378848.48,
802,202307,1,102.0,Forecast,Revenue,4374449.93,
803,202307,1,103.0,Actual,Revenue,2293722.57,2294.0
804,202307,3,103.0,Actual,COGS,912988.36,
805,202307,1,103.0,Budget,Revenue,2408408.69,2454.0
806,202307,3,103.0,Budget,COGS,885598.71,
807,202307,1,103.0,Forecast,Revenue,2419001.74,
808,202307,1,104.0,Actual,Revenue,4231841.92,470.0
809,202307,3,104.0,Actual,COGS,2515558.32,
810,202307,1,104.0,Budget,Revenue,4443434.02,503.0
811,202307,3,104.0,Budget,COGS,2440091.57,
812,202307,1,104.0,Forecast,Revenue,4156131.55,
813,202307,1,,Actual,Operating_Expense,256014.33,
814,202307,1,,Budget,Operating_Expense,243213.61,
815,202307,1,,Forecast,Operating_Expense,263964.94,
816,202307,2,,Actual,Operating_Expense,288082.0,
817,202307,2,,Budget,Operating_Expense,273677.9,
818,202307,2,,Forecast,Operating_Expense,278011.14,
819,202307,3,,Actual,Operating_Expense,267441.86,
820,202307,3,,Budget,Operating_Expense,254069.77,
821,202307,3,,Forecast,Operating_Expense,264256.39,
822,202307,4,,Actual,Operating_Expense,287170.51,
823,202307,4,,Budget,Operating_Expense,272811.98,
824,202307,4,,Forecast,Operating_Expense,296995.15,
825,202307,5,,Actual,Operating_Expense,280262.26,
826,202307,5,,Budget,Operating_Expense,266249.14,
827,202307,5,,Forecast,Operating_Expense,279384.84,
828,202307,6,,Actual,Operating_Expense,258028.02,
829,202307,6,,Budget,Operating_Expense,245126.62,
830,202307,6,,Forecast,Operating_Expense,252181.29,
831,202307,7,,Actual,Operating_Expense,239209.71,
832,202307,7,,Budget,Operating_Expense,227249.23,
833,202307,7,,Forecast,Operating_Expense,247934.23,
834,202307,8,,Actual,Operating_Expense,278927.3,
835,202307,8,,Budget,Operating_Expense,264980.94,
836,202307,8,,Forecast,Operating_Expense,292865.79,
837,202308,1,101.0,Actual,Revenue,4534547.11,907.0
838,202308,3,101.0,Actual,COGS,2729777.14,
839,202308,1,101.0,Budget,Revenue,4761274.47,970.0
840,202308,3,101.0,Budget,COGS,2647883.83,
841,202308,1,101.0,Forecast,Revenue,4722816.94,
842,202308,1,102.0,Actual,Revenue,4060924.92,1354.0
843,202308,3,102.0,Actual,COGS,2349467.11,
844,202308,1,102.0,Budget,Revenue,4263971.16,1448.0
845,202308,3,102.0,Budget,COGS,2278983.09,
846,202308,1,102.0,Forecast,Revenue,4060063.38,
847,202308,1,103.0,Actual,Revenue,2149317.53,2149.0
848,202308,3,103.0,Actual,COGS,840597.71,
849,202308,1,103.0,Budget,Revenue,2256783.41,2300.0
850,202308,3,103.0,Budget,COGS,815379.78,
851,202308,1,103.0,Forecast,Revenue,2270375.87,
852,202308,1,104.0,Actual,Revenue,3929280.7,437.0
853,202308,3,104.0,Actual,COGS,2362131.68,
854,202308,1,104.0,Budget,Revenue,4125744.73,467.0
855,202308,3,104.0,Budget,COGS,2291267.73,
856,202308,1,104.0,Forecast,Revenue,4061839.13,
857,202308,1,,Actual,Operating_Expense,268701.73,
858,202308,1,,Budget,Operating_Expense,255266.65,
859,202308,1,,Forecast,Operating_Expense,264890.54,
860,202308,2,,Actual,Operating_Expense,242211.77,
861,202308,2,,Budget,Operating_Expense,230101.18,
862,202308,2,,Forecast,Operating_Expense,246367.48,
863,202308,3,,Actual,Operating_Expense,263566.15,
864,202308,3,,Budget,Operating_Expense,250387.85,
865,202308,3,,Forecast,Operating_Expense,270743.55,
866,202308,4,,Actual,Operating_Expense,263558.58,
867,202308,4,,Budget,Operating_Expense,250380.65,
868,202308,4,,Forecast,Operating_Expense,272840.63,
869,202308,5,,Actual,Operating_Expense,265225.11,
870,202308,5,,Budget,Operating_Expense,251963.85,
871,202308,5,,Forecast,Operating_Expense,266841.34,
872,202308,6,,Actual,Operating_Expense,282274.31,
873,202308,6,,Budget,Operating_Expense,268160.6,
874,202308,6,,Forecast,Operating_Expense,279549.88,
875,202308,7,,Actual,Operating_Expense,243285.8,
876,202308,7,,Budget,Operating_Expense,231121.51,
877,202308,7,,Forecast,Operating_Expense,231821.75,
878,202308,8,,Actual,Operating_Expense,275894.71,
879,202308,8,,Budget,Operating_Expense,262099.97,
880,202308,8,,Forecast,Operating_Expense,279213.98,
881,202309,1,101.0,Actual,Revenue,4187754.34,838.0
882,202309,3,101.0,Actual,COGS,2469379.32,
883,202309,1,101.0,Budget,Revenue,4397142.05,896.0
884,202309,3,101.0,Budget,COGS,2395297.94,
885,202309,1,101.0,Forecast,Revenue,4149686.47,
886,202309,1,102.0,Actual,Revenue,3514292.22,1171.0
887,202309,3,102.0,Actual,COGS,1973579.57,
888,202309,1,102.0,Budget,Revenue,3690006.83,1253.0
889,202309,3,102.0,Budget,COGS,1914372.18,
890,202309,1,102.0,Forecast,Revenue,3609857.82,
891,202309,1,103.0,Actual,Revenue,2029888.48,2030.0
892,202309,3,103.0,Actual,COGS,808909.34,
893,202309,1,103.0,Budget,Revenue,2131382.9,2172.0
894,202309,3,103.0,Budget,COGS,784642.06,
895,202309,1,103.0,Forecast,Revenue,2136118.01,
896,202309,1,104.0,Actual,Revenue,3637551.64,404.0
897,202309,3,104.0,Actual,COGS,2224814.1,
898,202309,1,104.0,Budget,Revenue,3819429.22,432.0
899,202309,3,104.0,Budget,COGS,2158069.68,
900,202309,1,104.0,Forecast,Revenue,3792846.87,
901,202309,1,,Actual,Operating_Expense,257068.5,
902,202309,1,,Budget,Operating_Expense,244215.07,
903,202309,1,,Forecast,Operating_Expense,260206.96,
904,202309,2,,Actual,Operating_Expense,281524.09,
905,202309,2,,Budget,Operating_Expense,267447.89,
906,202309,2,,Forecast,Operating_Expense,294179.18,
907,202309,3,,Actual,Operating_Expense,243971.36,
908,202309,3,,Budget,Operating_Expense,231772.79,
909,202309,3,,Forecast,Operating_Expense,254378.87,
910,202309,4,,Actual,Operating_Expense,262086.11,
911,202309,4,,Budget,Operating_Expense,248981.8,
912,202309,4,,Forecast,Operating_Expense,255750.03,
913,202309,5,,Actual,Operating_Expense,260354.63,
914,202309,5,,Budget,Operating_Expense,247336.9,
915,202309,5,,Forecast,Operating_Expense,272852.5,
916,202309,6,,Actual,Operating_Expense,262112.45,
917,202309,6,,Budget,Operating_Expense,249006.83,
918,202309,6,,Forecast,Operating_Expense,257623.82,
919,202309,7,,Actual,Operating_Expense,269503.54,
920,202309,7,,Budget,Operating_Expense,256028.37,
921,202309,7,,Forecast,Operating_Expense,262500.38,
922,202309,8,,Actual,Operating_Expense,240232.82,
923,202309,8,,Budget,Operating_Expense,228221.18,
924,202309,8,,Forecast,Operating_Expense,231317.3,
925,202310,1,101.0,Actual,Revenue,4575247.38,915.0
926,202310,3,101.0,Actual,COGS,2687813.7,
927,202310,1,101.0,Budget,Revenue,4804009.75,979.0
928,202310,3,101.0,Budget,COGS,2607179.29,
929,202310,1,101.0,Forecast,Revenue,4534555.93,
930,202310,1,102.0,Actual,Revenue,4337049.31,1446.0
931,202310,3,102.0,Actual,COGS,2410751.42,
932,202310,1,102.0,Budget,Revenue,4553901.78,1547.0
933,202310,3,102.0,Budget,COGS,2338428.87,
934,202310,1,102.0,Forecast,Revenue,4370242.41,
935,202310,1,103.0,Actual,Revenue,2470276.93,2470.0
936,202310,3,103.0,Actual,COGS,986567.04,
937,202310,1,103.0,Budget,Revenue,2593790.77,2643.0
938,202310,3,103.0,Budget,COGS,956970.03,
939,202310,1,103.0,Forecast,Revenue,2552795.59,
940,202310,1,104.0,Actual,Revenue,4136657.76,460.0
941,202310,3,104.0,Actual,COGS,2481284.7,
942,202310,1,104.0,Budget,Revenue,4343490.65,492.0
943,202310,3,104.0,Budget,COGS,2406846.16,
944,202310,1,104.0,Forecast,Revenue,4067449.37,
945,202310,1,,Actual,Operating_Expense,245119.09,
946,202310,1,,Budget,Operating_Expense,232863.14,
947,202310,1,,Forecast,Operating_Expense,239691.92,
948,202310,2,,Actual,Operating_Expense,245543.05,
949,202310,2,,Budget,Operating_Expense,233265.9,
950,202310,2,,Forecast,Operating_Expense,235443.93,
951,202310,3,,Actual,Operating_Expense,242583.38,
952,202310,3,,Budget,Operating_Expense,230454.21,
953,202310,3,,Forecast,Operating_Expense,241631.94,
954,202310,4,,Actual,Operating_Expense,247082.52,
955,202310,4,,Budget,Operating_Expense,234728.39,
956,202310,4,,Forecast,Operating_Expense,243728.87,
957,202310,5,,Actual,Operating_Expense,262679.41,
958,202310,5,,Budget,Operating_Expense,249545.44,
959,202310,5,,Forecast,Operating_Expense,267680.69,
960,202310,6,,Actual,Operating_Expense,238313.89,
961,202310,6,,Budget,Operating_Expense,226398.19,
962,202310,6,,Forecast,Operating_Expense,245449.25,
963,202310,7,,Actual,Operating_Expense,269214.77,
964,202310,7,,Budget,Operating_Expense,255754.03,
965,202310,7,,Forecast,Operating_Expense,257955.11,
966,202310,8,,Actual,Operating_Expense,282112.88,
967,202310,8,,Budget,Operating_Expense,268007.23,
968,202310,8,,Forecast,Operating_Expense,293986.23,
969,202311,1,101.0,Actual,Revenue,5162982.1,1033.0
970,202311,3,101.0,Actual,COGS,3056318.1,
971,202311,1,101.0,Budget,Revenue,5421131.2,1105.0
972,202311,3,101.0,Budget,COGS,2964628.55,
973,202311,1,101.0,Forecast,Revenue,5392714.68,
974,202311,1,102.0,Actual,Revenue,4980654.21,1660.0
975,202311,3,102.0,Actual,COGS,2768946.8,
976,202311,1,102.0,Budget,Revenue,5229686.92,1776.0
977,202311,3,102.0,Budget,COGS,2685878.4,
978,202311,1,102.0,Forecast,Revenue,4964456.85,
979,202311,1,103.0,Actual,Revenue,2665027.47,2665.0
980,202311,3,103.0,Actual,COGS,1065021.07,
981,202311,1,103.0,Budget,Revenue,2798278.84,2852.0
982,202311,3,103.0,Budget,COGS,1033070.44,
983,202311,1,103.0,Forecast,Revenue,2743540.19,
984,202311,1,104.0,Actual,Revenue,4796292.03,533.0
985,202311,3,104.0,Actual,COGS,2924478.55,
986,202311,1,104.0,Budget,Revenue,5036106.63,570.0
987,202311,3,104.0,Budget,COGS,2836744.2,
988,202311,1,104.0,Forecast,Revenue,4987173.3,
989,202311,1,,Actual,Operating_Expense,238175.87,
990,202311,1,,Budget,Operating_Expense,226267.07,
991,202311,1,,Forecast,Operating_Expense,232279.51,
992,202311,2,,Actual,Operating_Expense,273700.85,
993,202311,2,,Budget,Operating_Expense,260015.81,
994,202311,2,,Forecast,Operating_Expense,284517.7,
995,202311,3,,Actual,Operating_Expense,263113.07,
996,202311,3,,Budget,Operating_Expense,249957.41,
997,202311,3,,Forecast,Operating_Expense,263958.01,
998,202311,4,,Actual,Operating_Expense,241876.53,
999,202311,4,,Budget,Operating_Expense,229782.7,
1000,202311,4,,Forecast,Operating_Expense,240604.56,
1001,202311,5,,Actual,Operating_Expense,264212.41,
1002,202311,5,,Budget,Operating_Expense,251001.79,
1003,202311,5,,Forecast,Operating_Expense,257408.16,
1004,202311,6,,Actual,Operating_Expense,250385.27,
1005,202311,6,,Budget,Operating_Expense,237866.01,
1006,202311,6,,Forecast,Operating_Expense,247312.65,
1007,202311,7,,Actual,Operating_Expense,237303.74,
1008,202311,7,,Budget,Operating_Expense,225438.55,
1009,202311,7,,Forecast,Operating_Expense,233081.61,
1010,202311,8,,Actual,Operating_Expense,247351.02,
1011,202311,8,,Budget,Operating_Expense,234983.47,
1012,202311,8,,Forecast,Operating_Expense,243084.15,
1013,202312,1,101.0,Actual,Revenue,5818032.14,1164.0
1014,202312,3,101.0,Actual,COGS,3572614.89,
1015,202312,1,101.0,Budget,Revenue,6108933.74,1245.0
1016,202312,3,101.0,Budget,COGS,3465436.45,
1017,202312,1,101.0,Forecast,Revenue,5977954.69,
1018,202312,1,102.0,Actual,Revenue,5540688.97,1847.0
1019,202312,3,102.0,Actual,COGS,3194198.82,
1020,202312,1,102.0,Budget,Revenue,5817723.42,1976.0
1021,202312,3,102.0,Budget,COGS,3098372.86,
1022,202312,1,102.0,Forecast,Revenue,5650812.25,
1023,202312,1,103.0,Actual,Revenue,2899084.7,2899.0
1024,202312,3,103.0,Actual,COGS,1162215.68,
1025,202312,1,103.0,Budget,Revenue,3044038.93,3102.0
1026,202312,3,103.0,Budget,COGS,1127349.21,
1027,202312,1,103.0,Forecast,Revenue,2977207.17,
1028,202312,1,104.0,Actual,Revenue,5576797.61,620.0
1029,202312,3,104.0,Actual,COGS,3394068.55,
1030,202312,1,104.0,Budget,Revenue,5855637.5,663.0
1031,202312,3,104.0,Budget,COGS,3292246.5,
1032,202312,1,104.0,Forecast,Revenue,5522180.82,
1033,202312,1,,Actual,Operating_Expense,251148.24,
1034,202312,1,,Budget,Operating_Expense,238590.82,
1035,202312,1,,Forecast,Operating_Expense,247709.57,
1036,202312,2,,Actual,Operating_Expense,270160.66,
1037,202312,2,,Budget,Operating_Expense,256652.62,
1038,202312,2,,Forecast,Operating_Expense,272072.81,
1039,202312,3,,Actual,Operating_Expense,254945.08,
1040,202312,3,,Budget,Operating_Expense,242197.82,
1041,202312,3,,Forecast,Operating_Expense,267348.54,
1042,202312,4,,Actual,Operating_Expense,268053.18,
1043,202312,4,,Budget,Operating_Expense,254650.52,
1044,202312,4,,Forecast,Operating_Expense,261009.46,
1045,202312,5,,Actual,Operating_Expense,241593.58,
1046,202312,5,,Budget,Operating_Expense,229513.9,
1047,202312,5,,Forecast,Operating_Expense,233206.88,
1048,202312,6,,Actual,Operating_Expense,249162.78,
1049,202312,6,,Budget,Operating_Expense,236704.64,
1050,202312,6,,Forecast,Operating_Expense,240708.22,
1051,202312,7,,Actual,Operating_Expense,246044.77,
1052,202312,7,,Budget,Operating_Expense,233742.53,
1053,202312,7,,Forecast,Operating_Expense,240757.15,
1054,202312,8,,Actual,Operating_Expense,245352.11,
1055,202312,8,,Budget,Operating_Expense,233084.51,
1056,202312,8,,Forecast,Operating_Expense,255086.84,
1057,202401,1,101.0,Actual,Revenue,4000705.61,800.0
1058,202401,3,101.0,Actual,COGS,2403953.63,
1059,202401,1,101.0,Budget,Revenue,4200740.89,856.0
1060,202401,3,101.0,Budget,COGS,2331835.02,
1061,202401,1,101.0,Forecast,Revenue,4052041.65,
1062,202401,1,102.0,Actual,Revenue,3939697.18,1313.0
1063,202401,3,102.0,Actual,COGS,2180527.79,
1064,202401,1,102.0,Budget,Revenue,4136682.04,1405.0
1065,202401,3,102.0,Budget,COGS,2115111.96,
1066,202401,1,102.0,Forecast,Revenue,3986297.68,
1067,202401,1,103.0,Actual,Revenue,2186025.43,2186.0
1068,202401,3,103.0,Actual,COGS,893586.36,
1069,202401,1,103.0,Budget,Revenue,2295326.7,2339.0
1070,202401,3,103.0,Budget,COGS,866778.77,
1071,202401,1,103.0,Forecast,Revenue,2285196.14,
1072,202401,1,104.0,Actual,Revenue,3667410.2,407.0
1073,202401,3,104.0,Actual,COGS,2196938.81,
1074,202401,1,104.0,Budget,Revenue,3850780.71,436.0
1075,202401,3,104.0,Budget,COGS,2131030.65,
1076,202401,1,104.0,Forecast,Revenue,3790237.11,
1077,202401,1,,Actual,Operating_Expense,298615.68,
1078,202401,1,,Budget,Operating_Expense,283684.9,
1079,202401,1,,Forecast,Operating_Expense,300310.71,
1080,202401,2,,Actual,Operating_Expense,278938.7,
1081,202401,2,,Budget,Operating_Expense,264991.76,
1082,202401,2,,Forecast,Operating_Expense,272801.46,
1083,202401,3,,Actual,Operating_Expense,289822.11,
1084,202401,3,,Budget,Operating_Expense,275331.01,
1085,202401,3,,Forecast,Operating_Expense,280751.95,
1086,202401,4,,Actual,Operating_Expense,265302.36,
1087,202401,4,,Budget,Operating_Expense,252037.24,
1088,202401,4,,Forecast,Operating_Expense,263324.17,
1089,202401,5,,Actual,Operating_Expense,275418.57,
1090,202401,5,,Budget,Operating_Expense,261647.64,
1091,202401,5,,Forecast,Operating_Expense,268324.06,
1092,202401,6,,Actual,Operating_Expense,253816.03,
1093,202401,6,,Budget,Operating_Expense,241125.22,
1094,202401,6,,Forecast,Operating_Expense,256623.74,
1095,202401,7,,Actual,Operating_Expense,263374.68,
1096,202401,7,,Budget,Operating_Expense,250205.95,
1097,202401,7,,Forecast,Operating_Expense,265514.29,
1098,202401,8,,Actual,Operating_Expense,255989.95,
1099,202401,8,,Budget,Operating_Expense,243190.45,
1100,202401,8,,Forecast,Operating_Expense,255507.15,
1101,202402,1,101.0,Actual,Revenue,4422365.42,884.0
1102,202402,3,101.0,Actual,COGS,2582067.25,
1103,202402,1,101.0,Budget,Revenue,4643483.69,946.0
1104,202402,3,101.0,Budget,COGS,2504605.23,
1105,202402,1,101.0,Forecast,Revenue,4453005.08,
1106,202402,1,102.0,Actual,Revenue,3822164.99,1274.0
1107,202402,3,102.0,Actual,COGS,2109152.5,
1108,202402,1,102.0,Budget,Revenue,4013273.24,1363.0
1109,202402,3,102.0,Budget,COGS,2045877.92,
1110,202402,1,102.0,Forecast,Revenue,4048425.0,
1111,202402,1,103.0,Actual,Revenue,2164846.79,2165.0
1112,202402,3,103.0,Actual,COGS,882038.65,
1113,202402,1,103.0,Budget,Revenue,2273089.13,2316.0
1114,202402,3,103.0,Budget,COGS,855577.49,
1115,202402,1,103.0,Forecast,Revenue,2165650.49,
1116,202402,1,104.0,Actual,Revenue,4039205.76,449.0
1117,202402,3,104.0,Actual,COGS,2506944.36,
1118,202402,1,104.0,Budget,Revenue,4241166.05,480.0
1119,202402,3,104.0,Budget,COGS,2431736.03,
1120,202402,1,104.0,Forecast,Revenue,4150894.24,
1121,202402,1,,Actual,Operating_Expense,273436.69,
1122,202402,1,,Budget,Operating_Expense,259764.86,
1123,202402,1,,Forecast,Operating_Expense,271026.1,
1124,202402,2,,Actual,Operating_Expense,266687.75,
1125,202402,2,,Budget,Operating_Expense,253353.37,
1126,202402,2,,Forecast,Operating_Expense,278142.77,
1127,202402,3,,Actual,Operating_Expense,293184.07,
1128,202402,3,,Budget,Operating_Expense,278524.86,
1129,202402,3,,Forecast,Operating_Expense,306817.92,
1130,202402,4,,Actual,Operating_Expense,254336.35,
1131,202402,4,,Budget,Operating_Expense,241619.53,
1132,202402,4,,Forecast,Operating_Expense,260208.15,
1133,202402,5,,Actual,Operating_Expense,299108.73,
1134,202402,5,,Budget,Operating_Expense,284153.29,
1135,202402,5,,Forecast,Operating_Expense,289574.13,
1136,202402,6,,Actual,Operating_Expense,251157.29,
1137,202402,6,,Budget,Operating_Expense,238599.43,
1138,202402,6,,Forecast,Operating_Expense,257213.22,
1139,202402,7,,Actual,Operating_Expense,279096.02,
1140,202402,7,,Budget,Operating_Expense,265141.22,
1141,202402,7,,Forecast,Operating_Expense,288636.33,
1142,202402,8,,Actual,Operating_Expense,255187.48,
1143,202402,8,,Budget,Operating_Expense,242428.11,
1144,202402,8,,Forecast,Operating_Expense,262722.33,
1145,202403,1,101.0,Actual,Revenue,4501555.08,900.0
1146,202403,3,101.0,Actual,COGS,2646426.48,
1147,202403,1,101.0,Budget,Revenue,4726632.83,963.0
1148,202403,3,101.0,Budget,COGS,2567033.68,
1149,202403,1,101.0,Forecast,Revenue,4470680.1,
1150,202403,1,102.0,Actual,Revenue,4307366.4,1436.0
1151,202403,3,102.0,Actual,COGS,2465034.17,
1152,202403,1,102.0,Budget,Revenue,4522734.72,1536.0
1153,202403,3,102.0,Budget,COGS,2391083.15,
1154,202403,1,102.0,Forecast,Revenue,4401461.83,
1155,202403,1,103.0,Actual,Revenue,2287248.67,2287.0
1156,202403,3,103.0,Actual,COGS,935605.5,
1157,202403,1,103.0,Budget,Revenue,2401611.11,2447.0
1158,202403,3,103.0,Budget,COGS,907537.34,
1159,202403,1,103.0,Forecast,Revenue,2313313.26,
1160,202403,1,104.0,Actual,Revenue,4308211.93,479.0
1161,202403,3,104.0,Actual,COGS,2623181.45,
1162,202403,1,104.0,Budget,Revenue,4523622.52,512.0
1163,202403,3,104.0,Budget,COGS,2544486.01,
1164,202403,1,104.0,Forecast,Revenue,4351964.21,
1165,202403,1,,Actual,Operating_Expense,272947.39,
1166,202403,1,,Budget,Operating_Expense,259300.02,
1167,202403,1,,Forecast,Operating_Expense,267526.05,
1168,202403,2,,Actual,Operating_Expense,288618.52,
1169,202403,2,,Budget,Operating_Expense,274187.59,
1170,202403,2,,Forecast,Operating_Expense,288697.03,
1171,202403,3,,Actual,Operating_Expense,260271.7,
1172,202403,3,,Budget,Operating_Expense,247258.11,
1173,202403,3,,Forecast,Operating_Expense,270671.49,
1174,202403,4,,Actual,Operating_Expense,268614.02,
1175,202403,4,,Budget,Operating_Expense,255183.32,
1176,202403,4,,Forecast,Operating_Expense,269783.91,
1177,202403,5,,Actual,Operating_Expense,297355.97,
1178,202403,5,,Budget,Operating_Expense,282488.17,
1179,202403,5,,Forecast,Operating_Expense,301050.26,
1180,202403,6,,Actual,Operating_Expense,253929.39,
1181,202403,6,,Budget,Operating_Expense,241232.92,
1182,202403,6,,Forecast,Operating_Expense,265098.02,
1183,202403,7,,Actual,Operating_Expense,282023.94,
1184,202403,7,,Budget,Operating_Expense,267922.75,
1185,202403,7,,Forecast,Operating_Expense,277367.89,
1186,202403,8,,Actual,Operating_Expense,255159.96,
1187,202403,8,,Budget,Operating_Expense,242401.97,
1188,202403,8,,Forecast,Operating_Expense,262662.31,
1189,202404,1,101.0,Actual,Revenue,4930499.45,986.0
1190,202404,3,101.0,Actual,COGS,2964238.94,
1191,202404,1,101.0,Budget,Revenue,5177024.42,1055.0
1192,202404,3,101.0,Budget,COGS,2875311.78,
1193,202404,1,101.0,Forecast,Revenue,5184476.41,
1194,202404,1,102.0,Actual,Revenue,4511344.11,1504.0
1195,202404,3,102.0,Actual,COGS,2503000.23,
1196,202404,1,102.0,Budget,Revenue,4736911.31,1609.0
1197,202404,3,102.0,Budget,COGS,2427910.23,
1198,202404,1,102.0,Forecast,Revenue,4533620.06,
1199,202404,1,103.0,Actual,Revenue,2374731.95,2375.0
1200,202404,3,103.0,Actual,COGS,963796.15,
1201,202404,1,103.0,Budget,Revenue,2493468.55,2541.0
1202,202404,3,103.0,Budget,COGS,934882.27,
1203,202404,1,103.0,Forecast,Revenue,2333607.76,
1204,202404,1,104.0,Actual,Revenue,4415445.23,491.0
1205,202404,3,104.0,Actual,COGS,2740819.61,
1206,202404,1,104.0,Budget,Revenue,4636217.49,525.0
1207,202404,3,104.0,Budget,COGS,2658595.02,
1208,202404,1,104.0,Forecast,Revenue,4636841.18,
1209,202404,1,,Actual,Operating_Expense,266314.5,
1210,202404,1,,Budget,Operating_Expense,252998.77,
1211,202404,1,,Forecast,Operating_Expense,274870.04,
1212,202404,2,,Actual,Operating_Expense,253584.75,
1213,202404,2,,Budget,Operating_Expense,240905.51,
1214,202404,2,,Forecast,Operating_Expense,262370.25,
1215,202404,3,,Actual,Operating_Expense,254511.88,
1216,202404,3,,Budget,Operating_Expense,241786.28,
1217,202404,3,,Forecast,Operating_Expense,251897.72,
1218,202404,4,,Actual,Operating_Expense,291351.25,
1219,202404,4,,Budget,Operating_Expense,276783.68,
1220,202404,4,,Forecast,Operating_Expense,281151.55,
1221,202404,5,,Actual,Operating_Expense,260108.83,
1222,202404,5,,Budget,Operating_Expense,247103.39,
1223,202404,5,,Forecast,Operating_Expense,265889.81,
1224,202404,6,,Actual,Operating_Expense,287102.01,
1225,202404,6,,Budget,Operating_Expense,272746.91,
1226,202404,6,,Forecast,Operating_Expense,291154.39,
1227,202404,7,,Actual,Operating_Expense,285667.16,
1228,202404,7,,Budget,Operating_Expense,271383.81,
1229,202404,7,,Forecast,Operating_Expense,286887.66,
1230,202404,8,,Actual,Operating_Expense,261348.95,
1231,202404,8,,Budget,Operating_Expense,248281.5,
1232,202404,8,,Forecast,Operating_Expense,257316.23,
1233,202405,1,101.0,Actual,Revenue,4941487.47,988.0
1234,202405,3,101.0,Actual,COGS,3037553.2,
1235,202405,1,101.0,Budget,Revenue,5188561.85,1057.0
1236,202405,3,101.0,Budget,COGS,2946426.61,
1237,202405,1,101.0,Forecast,Revenue,5073283.58,
1238,202405,1,102.0,Actual,Revenue,4548055.11,1516.0
1239,202405,3,102.0,Actual,COGS,2571356.04,
1240,202405,1,102.0,Budget,Revenue,4775457.86,1622.0
1241,202405,3,102.0,Budget,COGS,2494215.36,
1242,202405,1,102.0,Forecast,Revenue,4801757.75,
1243,202405,1,103.0,Actual,Revenue,2463535.28,2464.0
1244,202405,3,103.0,Actual,COGS,990512.44,
1245,202405,1,103.0,Budget,Revenue,2586712.04,2636.0
1246,202405,3,103.0,Budget,COGS,960797.06,
1247,202405,1,103.0,Forecast,Revenue,2513966.54,
1248,202405,1,104.0,Actual,Revenue,4644797.62,516.0
1249,202405,3,104.0,Actual,COGS,2756417.14,
1250,202405,1,104.0,Budget,Revenue,4877037.5,552.0
1251,202405,3,104.0,Budget,COGS,2673724.63,
1252,202405,1,104.0,Forecast,Revenue,4875968.79,
1253,202405,1,,Actual,Operating_Expense,298766.51,
1254,202405,1,,Budget,Operating_Expense,283828.18,
1255,202405,1,,Forecast,Operating_Expense,300712.47,
1256,202405,2,,Actual,Operating_Expense,285815.8,
1257,202405,2,,Budget,Operating_Expense,271525.01,
1258,202405,2,,Forecast,Operating_Expense,297891.49,
1259,202405,3,,Actual,Operating_Expense,286398.12,
1260,202405,3,,Budget,Operating_Expense,272078.22,
1261,202405,3,,Forecast,Operating_Expense,276446.91,
1262,202405,4,,Actual,Operating_Expense,279195.86,
1263,202405,4,,Budget,Operating_Expense,265236.07,
1264,202405,4,,Forecast,Operating_Expense,282175.3,
1265,202405,5,,Actual,Operating_Expense,270827.19,
1266,202405,5,,Budget,Operating_Expense,257285.83,
1267,202405,5,,Forecast,Operating_Expense,277230.74,
1268,202405,6,,Actual,Operating_Expense,298890.19,
1269,202405,6,,Budget,Operating_Expense,283945.68,
1270,202405,6,,Forecast,Operating_Expense,311610.01,
1271,202405,7,,Actual,Operating_Expense,272296.17,
1272,202405,7,,Budget,Operating_Expense,258681.36,
1273,202405,7,,Forecast,Operating_Expense,261764.79,
1274,202405,8,,Actual,Operating_Expense,301666.27,
1275,202405,8,,Budget,Operating_Expense,286582.95,
1276,202405,8,,Forecast,Operating_Expense,311889.68,
1277,202406,1,101.0,Actual,Revenue,5135720.01,1027.0
1278,202406,3,101.0,Actual,COGS,3159239.74,
1279,202406,1,101.0,Budget,Revenue,5392506.01,1099.0
1280,202406,3,101.0,Budget,COGS,3064462.55,
1281,202406,1,101.0,Forecast,Revenue,5390409.14,
1282,202406,1,102.0,Actual,Revenue,4811446.79,1604.0
1283,202406,3,102.0,Actual,COGS,2741418.19,
1284,202406,1,102.0,Budget,Revenue,5052019.13,1716.0
1285,202406,3,102.0,Budget,COGS,2659175.64,
1286,202406,1,102.0,Forecast,Revenue,4868800.28,
1287,202406,1,103.0,Actual,Revenue,2549210.41,2549.0
1288,202406,3,103.0,Actual,COGS,1009601.36,
1289,202406,1,103.0,Budget,Revenue,2676670.93,2728.0
1290,202406,3,103.0,Budget,COGS,979313.32,
1291,202406,1,103.0,Forecast,Revenue,2661957.59,
1292,202406,1,104.0,Actual,Revenue,4564504.48,507.0
1293,202406,3,104.0,Actual,COGS,2761552.97,
1294,202406,1,104.0,Budget,Revenue,4792729.71,543.0
1295,202406,3,104.0,Budget,COGS,2678706.38,
1296,202406,1,104.0,Forecast,Revenue,4618609.82,
1297,202406,1,,Actual,Operating_Expense,277056.76,
1298,202406,1,,Budget,Operating_Expense,263203.92,
1299,202406,1,,Forecast,Operating_Expense,288689.14,
1300,202406,2,,Actual,Operating_Expense,266549.03,
1301,202406,2,,Budget,Operating_Expense,253221.58,
1302,202406,2,,Forecast,Operating_Expense,262469.58,
1303,202406,3,,Actual,Operating_Expense,288062.57,
1304,202406,3,,Budget,Operating_Expense,273659.44,
1305,202406,3,,Forecast,Operating_Expense,286686.15,
1306,202406,4,,Actual,Operating_Expense,259853.27,
1307,202406,4,,Budget,Operating_Expense,246860.6,
1308,202406,4,,Forecast,Operating_Expense,258617.39,
1309,202406,5,,Actual,Operating_Expense,255247.14,
1310,202406,5,,Budget,Operating_Expense,242484.78,
1311,202406,5,,Forecast,Operating_Expense,246987.01,
1312,202406,6,,Actual,Operating_Expense,274910.23,
1313,202406,6,,Budget,Operating_Expense,261164.72,
1314,202406,6,,Forecast,Operating_Expense,272681.41,
1315,202406,7,,Actual,Operating_Expense,297816.52,
1316,202406,7,,Budget,Operating_Expense,282925.7,
1317,202406,7,,Forecast,Operating_Expense,293718.39,
1318,202406,8,,Actual,Operating_Expense,279432.36,
1319,202406,8,,Budget,Operating_Expense,265460.74,
1320,202406,8,,Forecast,Operating_Expense,283128.25,
1321,202407,1,101.0,Actual,Revenue,4634779.62,927.0
1322,202407,3,101.0,Actual,COGS,2808154.32,
1323,202407,1,101.0,Budget,Revenue,4866518.6,992.0
1324,202407,3,101.0,Budget,COGS,2723909.69,
1325,202407,1,101.0,Forecast,Revenue,4608096.62,
1326,202407,1,102.0,Actual,Revenue,4586970.11,1529.0
1327,202407,3,102.0,Actual,COGS,2544489.56,
1328,202407,1,102.0,Budget,Revenue,4816318.62,1636.0
1329,202407,3,102.0,Budget,COGS,2468154.88,
1330,202407,1,102.0,Forecast,Revenue,4647380.19,
1331,202407,1,103.0,Actual,Revenue,2334991.18,2335.0
1332,202407,3,103.0,Actual,COGS,961841.2,
1333,202407,1,103.0,Budget,Revenue,2451740.74,2498.0
1334,202407,3,103.0,Budget,COGS,932985.96,
1335,202407,1,103.0,Forecast,Revenue,2382101.03,
1336,202407,1,104.0,Actual,Revenue,4426624.42,492.0
1337,202407,3,104.0,Actual,COGS,2634891.74,
1338,202407,1,104.0,Budget,Revenue,4647955.64,526.0
1339,202407,3,104.0,Budget,COGS,2555844.99,
1340,202407,1,104.0,Forecast,Revenue,4603675.4,
1341,202407,1,,Actual,Operating_Expense,259044.81,
1342,202407,1,,Budget,Operating_Expense,246092.57,
1343,202407,1,,Forecast,Operating_Expense,269356.2,
1344,202407,2,,Actual,Operating_Expense,258782.68,
1345,202407,2,,Budget,Operating_Expense,245843.55,
1346,202407,2,,Forecast,Operating_Expense,250778.21,
1347,202407,3,,Actual,Operating_Expense,249510.23,
1348,202407,3,,Budget,Operating_Expense,237034.72,
1349,202407,3,,Forecast,Operating_Expense,248813.27,
1350,202407,4,,Actual,Operating_Expense,278566.26,
1351,202407,4,,Budget,Operating_Expense,264637.95,
1352,202407,4,,Forecast,Operating_Expense,266468.37,
1353,202407,5,,Actual,Operating_Expense,290154.02,
1354,202407,5,,Budget,Operating_Expense,275646.32,
1355,202407,5,,Forecast,Operating_Expense,288798.68,
1356,202407,6,,Actual,Operating_Expense,276341.46,
1357,202407,6,,Budget,Operating_Expense,262524.39,
1358,202407,6,,Forecast,Operating_Expense,274704.49,
1359,202407,7,,Actual,Operating_Expense,269541.97,
1360,202407,7,,Budget,Operating_Expense,256064.87,
1361,202407,7,,Forecast,Operating_Expense,271149.53,
1362,202407,8,,Actual,Operating_Expense,256038.21,
1363,202407,8,,Budget,Operating_Expense,243236.3,
1364,202407,8,,Forecast,Operating_Expense,247894.36,
1365,202408,1,101.0,Actual,Revenue,4807868.53,962.0
1366,202408,3,101.0,Actual,COGS,2961936.24,
1367,202408,1,101.0,Budget,Revenue,5048261.95,1029.0
1368,202408,3,101.0,Budget,COGS,2873078.15,
1369,202408,1,101.0,Forecast,Revenue,4855296.93,
1370,202408,1,102.0,Actual,Revenue,4080262.98,1360.0
1371,202408,3,102.0,Actual,COGS,2332125.92,
1372,202408,1,102.0,Budget,Revenue,4284276.12,1455.0
1373,202408,3,102.0,Budget,COGS,2262162.15,
1374,202408,1,102.0,Forecast,Revenue,4132077.15,
1375,202408,1,103.0,Actual,Revenue,2209889.63,2210.0
1376,202408,3,103.0,Actual,COGS,865719.1,
1377,202408,1,103.0,Budget,Revenue,2320384.12,2365.0
1378,202408,3,103.0,Budget,COGS,839747.53,
1379,202408,1,103.0,Forecast,Revenue,2292269.41,
1380,202408,1,104.0,Actual,Revenue,4242366.64,471.0
1381,202408,3,104.0,Actual,COGS,2518995.54,
1382,202408,1,104.0,Budget,Revenue,4454484.97,504.0
1383,202408,3,104.0,Budget,COGS,2443425.68,
1384,202408,1,104.0,Forecast,Revenue,4232854.29,
1385,202408,1,,Actual,Operating_Expense,260209.11,
1386,202408,1,,Budget,Operating_Expense,247198.66,
1387,202408,1,,Forecast,Operating_Expense,264681.92,
1388,202408,2,,Actual,Operating_Expense,248584.08,
1389,202408,2,,Budget,Operating_Expense,236154.88,
1390,202408,2,,Forecast,Operating_Expense,238742.85,
1391,202408,3,,Actual,Operating_Expense,291495.38,
1392,202408,3,,Budget,Operating_Expense,276920.62,
1393,202408,3,,Forecast,Operating_Expense,282125.11,
1394,202408,4,,Actual,Operating_Expense,283401.04,
1395,202408,4,,Budget,Operating_Expense,269230.98,
1396,202408,4,,Forecast,Operating_Expense,275981.11,
1397,202408,5,,Actual,Operating_Expense,252969.28,
1398,202408,5,,Budget,Operating_Expense,240320.81,
1399,202408,5,,Forecast,Operating_Expense,246472.32,
1400,202408,6,,Actual,Operating_Expense,287224.68,
1401,202408,6,,Budget,Operating_Expense,272863.45,
1402,202408,6,,Forecast,Operating_Expense,297441.16,
1403,202408,7,,Actual,Operating_Expense,293162.09,
1404,202408,7,,Budget,Operating_Expense,278503.99,
1405,202408,7,,Forecast,Operating_Expense,290147.9,
1406,202408,8,,Actual,Operating_Expense,284244.68,
1407,202408,8,,Budget,Operating_Expense,270032.45,
1408,202408,8,,Forecast,Operating_Expense,275859.02,
1409,202409,1,101.0,Actual,Revenue,4316819.52,863.0
1410,202409,3,101.0,Actual,COGS,2651684.48,
1411,202409,1,101.0,Budget,Revenue,4532660.5,924.0
1412,202409,3,101.0,Budget,COGS,2572133.94,
1413,202409,1,101.0,Forecast,Revenue,4234973.29,
1414,202409,1,102.0,Actual,Revenue,3802762.94,1268.0
1415,202409,3,102.0,Actual,COGS,2117130.46,
1416,202409,1,102.0,Budget,Revenue,3992901.09,1356.0
1417,202409,3,102.0,Budget,COGS,2053616.55,
1418,202409,1,102.0,Forecast,Revenue,3734779.34,
1419,202409,1,103.0,Actual,Revenue,2133788.37,2134.0
1420,202409,3,103.0,Actual,COGS,857767.98,
1421,202409,1,103.0,Budget,Revenue,2240477.79,2283.0
1422,202409,3,103.0,Budget,COGS,832034.94,
1423,202409,1,103.0,Forecast,Revenue,2163051.07,
1424,202409,1,104.0,Actual,Revenue,4122980.72,458.0
1425,202409,3,104.0,Actual,COGS,2567589.16,
1426,202409,1,104.0,Budget,Revenue,4329129.76,490.0
1427,202409,3,104.0,Budget,COGS,2490561.49,
1428,202409,1,104.0,Forecast,Revenue,4153265.61,
1429,202409,1,,Actual,Operating_Expense,261768.29,
1430,202409,1,,Budget,Operating_Expense,248679.87,
1431,202409,1,,Forecast,Operating_Expense,258619.02,
1432,202409,2,,Actual,Operating_Expense,279966.22,
1433,202409,2,,Budget,Operating_Expense,265967.91,
1434,202409,2,,Forecast,Operating_Expense,273472.79,
1435,202409,3,,Actual,Operating_Expense,281828.19,
1436,202409,3,,Budget,Operating_Expense,267736.78,
1437,202409,3,,Forecast,Operating_Expense,279275.15,
1438,202409,4,,Actual,Operating_Expense,277862.59,
1439,202409,4,,Budget,Operating_Expense,263969.47,
1440,202409,4,,Forecast,Operating_Expense,276087.79,
1441,202409,5,,Actual,Operating_Expense,263695.62,
1442,202409,5,,Budget,Operating_Expense,250510.84,
1443,202409,5,,Forecast,Operating_Expense,275521.13,
1444,202409,6,,Actual,Operating_Expense,289498.32,
1445,202409,6,,Budget,Operating_Expense,275023.4,
1446,202409,6,,Forecast,Operating_Expense,279079.66,
1447,202409,7,,Actual,Operating_Expense,295265.74,
1448,202409,7,,Budget,Operating_Expense,280502.45,
1449,202409,7,,Forecast,Operating_Expense,294894.63,
1450,202409,8,,Actual,Operating_Expense,296700.37,
1451,202409,8,,Budget,Operating_Expense,281865.35,
1452,202409,8,,Forecast,Operating_Expense,305597.09,
1453,202410,1,101.0,Actual,Revenue,5065828.97,1013.0
1454,202410,3,101.0,Actual,COGS,2952410.19,
1455,202410,1,101.0,Budget,Revenue,5319120.42,1084.0
1456,202410,3,101.0,Budget,COGS,2863837.88,
1457,202410,1,101.0,Forecast,Revenue,5073398.28,
1458,202410,1,102.0,Actual,Revenue,4612725.09,1538.0
1459,202410,3,102.0,Actual,COGS,2634811.3,
1460,202410,1,102.0,Budget,Revenue,4843361.35,1645.0
1461,202410,3,102.0,Budget,COGS,2555766.96,
1462,202410,1,102.0,Forecast,Revenue,4615635.79,
1463,202410,1,103.0,Actual,Revenue,2459963.67,2460.0
1464,202410,3,103.0,Actual,COGS,1003759.46,
1465,202410,1,103.0,Budget,Revenue,2582961.85,2632.0
1466,202410,3,103.0,Budget,COGS,973646.67,
1467,202410,1,103.0,Forecast,Revenue,2604491.88,
1468,202410,1,104.0,Actual,Revenue,4605401.04,512.0
1469,202410,3,104.0,Actual,COGS,2758969.97,
1470,202410,1,104.0,Budget,Revenue,4835671.09,548.0
1471,202410,3,104.0,Budget,COGS,2676200.87,
1472,202410,1,104.0,Forecast,Revenue,4613619.78,
1473,202410,1,,Actual,Operating_Expense,248511.49,
1474,202410,1,,Budget,Operating_Expense,236085.91,
1475,202410,1,,Forecast,Operating_Expense,258807.29,
1476,202410,2,,Actual,Operating_Expense,253976.31,
1477,202410,2,,Budget,Operating_Expense,241277.49,
1478,202410,2,,Forecast,Operating_Expense,255919.65,
1479,202410,3,,Actual,Operating_Expense,262573.04,
1480,202410,3,,Budget,Operating_Expense,249444.39,
1481,202410,3,,Forecast,Operating_Expense,263995.61,
1482,202410,4,,Actual,Operating_Expense,283328.12,
1483,202410,4,,Budget,Operating_Expense,269161.72,
1484,202410,4,,Forecast,Operating_Expense,292670.63,
1485,202410,5,,Actual,Operating_Expense,258853.17,
1486,202410,5,,Budget,Operating_Expense,245910.51,
1487,202410,5,,Forecast,Operating_Expense,246195.14,
1488,202410,6,,Actual,Operating_Expense,255028.71,
1489,202410,6,,Budget,Operating_Expense,242277.27,
1490,202410,6,,Forecast,Operating_Expense,265230.33,
1491,202410,7,,Actual,Operating_Expense,295563.95,
1492,202410,7,,Budget,Operating_Expense,280785.76,
1493,202410,7,,Forecast,Operating_Expense,298443.13,
1494,202410,8,,Actual,Operating_Expense,280528.43,
1495,202410,8,,Budget,Operating_Expense,266502.01,
1496,202410,8,,Forecast,Operating_Expense,285158.18,
1497,202411,1,101.0,Actual,Revenue,5611715.34,1122.0
1498,202411,3,101.0,Actual,COGS,3450749.43,
1499,202411,1,101.0,Budget,Revenue,5892301.11,1201.0
1500,202411,3,101.0,Budget,COGS,3347226.95,
1501,202411,1,101.0,Forecast,Revenue,5687482.71,
1502,202411,1,102.0,Actual,Revenue,5158998.31,1720.0
1503,202411,3,102.0,Actual,COGS,2926750.65,
1504,202411,1,102.0,Budget,Revenue,5416948.23,1840.0
1505,202411,3,102.0,Budget,COGS,2838948.13,
1506,202411,1,102.0,Forecast,Revenue,5075202.13,
1507,202411,1,103.0,Actual,Revenue,2803222.18,2803.0
1508,202411,3,103.0,Actual,COGS,1137303.14,
1509,202411,1,103.0,Budget,Revenue,2943383.29,2999.0
1510,202411,3,103.0,Budget,COGS,1103184.04,
1511,202411,1,103.0,Forecast,Revenue,2765725.98,
1512,202411,1,104.0,Actual,Revenue,5273845.4,586.0
1513,202411,3,104.0,Actual,COGS,3173662.58,
1514,202411,1,104.0,Budget,Revenue,5537537.67,627.0
1515,202411,3,104.0,Budget,COGS,3078452.7,
1516,202411,1,104.0,Forecast,Revenue,5332615.28,
1517,202411,1,,Actual,Operating_Expense,263378.16,
1518,202411,1,,Budget,Operating_Expense,250209.25,
1519,202411,1,,Forecast,Operating_Expense,259576.89,
1520,202411,2,,Actual,Operating_Expense,287047.52,
1521,202411,2,,Budget,Operating_Expense,272695.15,
1522,202411,2,,Forecast,Operating_Expense,281223.95,
1523,202411,3,,Actual,Operating_Expense,278652.26,
1524,202411,3,,Budget,Operating_Expense,264719.64,
1525,202411,3,,Forecast,Operating_Expense,277984.89,
1526,202411,4,,Actual,Operating_Expense,284001.91,
1527,202411,4,,Budget,Operating_Expense,269801.82,
1528,202411,4,,Forecast,Operating_Expense,296407.96,
1529,202411,5,,Actual,Operating_Expense,287791.47,
1530,202411,5,,Budget,Operating_Expense,273401.89,
1531,202411,5,,Forecast,Operating_Expense,279587.69,
1532,202411,6,,Actual,Operating_Expense,249215.07,
1533,202411,6,,Budget,Operating_Expense,236754.32,
1534,202411,6,,Forecast,Operating_Expense,243290.33,
1535,202411,7,,Actual,Operating_Expense,280229.29,
1536,202411,7,,Budget,Operating_Expense,266217.82,
1537,202411,7,,Forecast,Operating_Expense,267658.92,
1538,202411,8,,Actual,Operating_Expense,274800.14,
1539,202411,8,,Budget,Operating_Expense,261060.14,
1540,202411,8,,Forecast,Operating_Expense,277461.39,
1541,202412,1,101.0,Actual,Revenue,6388324.83,1278.0
1542,202412,3,101.0,Actual,COGS,3895299.2,
1543,202412,1,101.0,Budget,Revenue,6707741.07,1367.0
1544,202412,3,101.0,Budget,COGS,3778440.23,
1545,202412,1,101.0,Forecast,Revenue,6315037.08,
1546,202412,1,102.0,Actual,Revenue,5598008.55,1866.0
1547,202412,3,102.0,Actual,COGS,3215636.54,
1548,202412,1,102.0,Budget,Revenue,5877908.98,1997.0
1549,202412,3,102.0,Budget,COGS,3119167.44,
1550,202412,1,102.0,Forecast,Revenue,5707949.55,
1551,202412,1,103.0,Actual,Revenue,3309193.1,3309.0
1552,202412,3,103.0,Actual,COGS,1318501.19,
1553,202412,1,103.0,Budget,Revenue,3474652.75,3541.0
1554,202412,3,103.0,Budget,COGS,1278946.15,
1555,202412,1,103.0,Forecast,Revenue,3308240.59,
1556,202412,1,104.0,Actual,Revenue,6032959.98,670.0
1557,202412,3,104.0,Actual,COGS,3753042.22,
1558,202412,1,104.0,Budget,Revenue,6334607.98,717.0
1559,202412,3,104.0,Budget,COGS,3640450.96,
1560,202412,1,104.0,Forecast,Revenue,6247586.86,
1561,202412,1,,Actual,Operating_Expense,262467.98,
1562,202412,1,,Budget,Operating_Expense,249344.58,
1563,202412,1,,Forecast,Operating_Expense,264836.25,
1564,202412,2,,Actual,Operating_Expense,267353.56,
1565,202412,2,,Budget,Operating_Expense,253985.89,
1566,202412,2,,Forecast,Operating_Expense,256434.37,
1567,202412,3,,Actual,Operating_Expense,297952.25,
1568,202412,3,,Budget,Operating_Expense,283054.63,
1569,202412,3,,Forecast,Operating_Expense,287131.18,
1570,202412,4,,Actual,Operating_Expense,299763.05,
1571,202412,4,,Budget,Operating_Expense,284774.9,
1572,202412,4,,Forecast,Operating_Expense,298144.51,
1573,202412,5,,Actual,Operating_Expense,257682.31,
1574,202412,5,,Budget,Operating_Expense,244798.2,
1575,202412,5,,Forecast,Operating_Expense,258762.02,
1576,202412,6,,Actual,Operating_Expense,295512.02,
1577,202412,6,,Budget,Operating_Expense,280736.42,
1578,202412,6,,Forecast,Operating_Expense,302374.55,
1579,202412,7,,Actual,Operating_Expense,291860.86,
1580,202412,7,,Budget,Operating_Expense,277267.82,
1581,202412,7,,Forecast,Operating_Expense,296495.13,
1582,202412,8,,Actual,Operating_Expense,285575.21,
1583,202412,8,,Budget,Operating_Expense,271296.45,
1584,202412,8,,Forecast,Operating_Expense,295547.37,
